customer_id,customer_name,email,country,city,signup_date
C0001,Yusuf Brown,yusuf.brown1@email.com,Nigeria,Port Harcourt,2022-09-08
C0002,Amara Jones,amara.jones2@email.com,Ghana,Tamale,2022-03-31
C0003,Liam Taylor,liam.taylor3@email.com,Nigeria,Lagos,2022-04-06
C0004,Chidi Nkrumah,chidi.nkrumah4@email.com,Canada,Montreal,2022-01-28
C0005,Isabella Mensah,isabella.mensah5@email.com,Canada,Vancouver,2022-08-14
C0006,Ethan Thompson,ethan.thompson6@email.com,United Kingdom,London,2022-06-13
C0007,Kofi Taylor,kofi.taylor7@email.com,Germany,Munich,2022-06-09
C0008,Chidi Adeyemi,chidi.adeyemi8@email.com,Germany,Berlin,2022-04-05
C0009,Lucas Brown,lucas.brown9@email.com,Germany,Munich,2022-09-28
C0010,Blessing Johnson,blessing.johnson10@email.com,United States,Chicago,2022-05-08
C0011,Lucas Williams,lucas.williams11@email.com,Canada,Vancouver,2023-01-06
C0012,Liam Mensah,liam.mensah12@email.com,Ghana,Accra,2022-08-22
C0013,Tunde Müller,tunde.müller13@email.com,Ghana,Accra,2022-04-14
C0014,Lucas Osei,lucas.osei14@email.com,United States,Chicago,2023-01-09
C0015,Fatima Martin,fatima.martin15@email.com,Germany,Berlin,2022-10-01
C0016,Kofi Patel,kofi.patel16@email.com,Ghana,Tamale,2022-06-25
C0017,Isabella Hassan,isabella.hassan17@email.com,South Africa,Johannesburg,2023-04-19
C0018,Lucas Osei,lucas.osei18@email.com,Canada,Toronto,2022-11-29
C0019,Emeka Adeyemi,emeka.adeyemi19@email.com,Nigeria,Abuja,2022-02-02
C0020,Blessing Dubois,blessing.dubois20@email.com,France,Lyon,2022-03-09
C0021,Chidi Thompson,chidi.thompson21@email.com,Germany,Berlin,2023-05-27
C0022,Lucas Ahmed,lucas.ahmed22@email.com,United States,New York,2022-09-29
C0023,David Nkrumah,david.nkrumah23@email.com,Canada,Montreal,2022-09-27
C0024,Aisha Thompson,aisha.thompson24@email.com,France,Marseille,2023-02-13
C0025,Sophie Nkrumah,sophie.nkrumah25@email.com,Kenya,Kisumu,2023-05-21
C0026,Michael Adeyemi,michael.adeyemi26@email.com,Nigeria,Lagos,2022-06-06
C0027,Yusuf Okafor,yusuf.okafor27@email.com,France,Marseille,2022-03-07
C0028,Lucas Anderson,lucas.anderson28@email.com,UAE,Abu Dhabi,2023-06-26
C0029,Kwame Harris,kwame.harris29@email.com,Nigeria,Lagos,2022-10-01
C0030,Tunde Ahmed,tunde.ahmed30@email.com,Germany,Berlin,2022-10-28
C0031,Mia Okafor,mia.okafor31@email.com,United States,New York,2022-09-27
C0032,Noah Adeyemi,noah.adeyemi32@email.com,Kenya,Kisumu,2022-04-19
C0033,Chioma Ahmed,chioma.ahmed33@email.com,United Kingdom,Birmingham,2023-06-04
C0034,Emma Mensah,emma.mensah34@email.com,Kenya,Mombasa,2022-06-15
C0035,Isabella Adeyemi,isabella.adeyemi35@email.com,Canada,Toronto,2022-11-28
C0036,Ava Smith,ava.smith36@email.com,Ghana,Kumasi,2022-11-11
C0037,Amara Johnson,amara.johnson37@email.com,South Africa,Durban,2022-03-22
C0038,Michael Hassan,michael.hassan38@email.com,United States,New York,2023-06-30
C0039,Tunde Jones,tunde.jones39@email.com,Kenya,Kisumu,2023-05-02
C0040,Isabella Okafor,isabella.okafor40@email.com,United Kingdom,Birmingham,2023-03-10
C0041,Chidi Harris,chidi.harris41@email.com,South Africa,Durban,2022-11-16
C0042,Lucas Patel,lucas.patel42@email.com,Germany,Munich,2023-06-14
C0043,Ethan Brown,ethan.brown43@email.com,South Africa,Johannesburg,2022-03-07
C0044,Oliver Smith,oliver.smith44@email.com,UAE,Sharjah,2022-08-24
C0045,Liam Nkrumah,liam.nkrumah45@email.com,Nigeria,Lagos,2022-03-02
C0046,Amara Williams,amara.williams46@email.com,Nigeria,Port Harcourt,2022-03-14
C0047,Noah Nkrumah,noah.nkrumah47@email.com,United Kingdom,Birmingham,2023-05-13
C0048,Chidi Harris,chidi.harris48@email.com,Kenya,Kisumu,2023-04-30
C0049,Amara Okonkwo,amara.okonkwo49@email.com,United States,Los Angeles,2022-07-14
C0050,Emily Brown,emily.brown50@email.com,France,Lyon,2023-03-10
C0051,Mia Thomas,mia.thomas51@email.com,Nigeria,Lagos,2022-03-04
C0052,Lucas Hassan,lucas.hassan52@email.com,Germany,Berlin,2022-09-12
C0053,Chidi Mensah,chidi.mensah53@email.com,Canada,Vancouver,2022-05-24
C0054,Mia Okafor,mia.okafor54@email.com,United Kingdom,Manchester,2022-09-13
C0055,Chioma Williams,chioma.williams55@email.com,United States,Chicago,2022-04-11
C0056,Sarah Ahmed,sarah.ahmed56@email.com,Canada,Toronto,2022-04-06
C0057,Tunde Diallo,tunde.diallo57@email.com,South Africa,Johannesburg,2023-02-21
C0058,Ava Jackson,ava.jackson58@email.com,South Africa,Cape Town,2022-03-02
C0059,Fatima Anderson,fatima.anderson59@email.com,Nigeria,Kano,2022-09-29
C0060,Blessing Okonkwo,blessing.okonkwo60@email.com,United States,Los Angeles,2023-03-10
C0061,Kofi Hassan,kofi.hassan61@email.com,Canada,Montreal,2023-05-14
C0062,David Mensah,david.mensah62@email.com,United Kingdom,London,2022-03-01
C0063,Liam Hassan,liam.hassan63@email.com,Canada,Toronto,2022-11-18
C0064,Sarah Johnson,sarah.johnson64@email.com,UAE,Abu Dhabi,2023-05-30
C0065,Chioma White,chioma.white65@email.com,Kenya,Nairobi,2023-06-05
C0066,Michael Diallo,michael.diallo66@email.com,Kenya,Nairobi,2022-03-11
C0067,Ngozi Diallo,ngozi.diallo67@email.com,South Africa,Cape Town,2022-05-03
C0068,Liam Nkrumah,liam.nkrumah68@email.com,UAE,Sharjah,2022-02-10
C0069,Emma Williams,emma.williams69@email.com,France,Marseille,2023-06-20
C0070,Oliver Osei,oliver.osei70@email.com,South Africa,Durban,2022-11-18
C0071,Amara Osei,amara.osei71@email.com,France,Paris,2022-11-04
C0072,Ethan Dubois,ethan.dubois72@email.com,Ghana,Accra,2023-04-15
C0073,Emma Thompson,emma.thompson73@email.com,Ghana,Accra,2022-08-07
C0074,Noah Osei,noah.osei74@email.com,Kenya,Mombasa,2022-03-12
C0075,Amara Martin,amara.martin75@email.com,United Kingdom,London,2023-03-25
C0076,Emeka Harris,emeka.harris76@email.com,United Kingdom,Birmingham,2023-06-26
C0077,James Patel,james.patel77@email.com,Canada,Vancouver,2022-04-17
C0078,David Osei,david.osei78@email.com,Ghana,Accra,2022-06-09
C0079,Kwame Müller,kwame.müller79@email.com,UAE,Dubai,2022-12-18
C0080,Chidi Patel,chidi.patel80@email.com,United Kingdom,Birmingham,2023-05-16
C0081,Kwame Diallo,kwame.diallo81@email.com,Nigeria,Lagos,2023-03-10
C0082,Emeka Osei,emeka.osei82@email.com,Nigeria,Lagos,2022-12-08
C0083,Tunde Jones,tunde.jones83@email.com,United Kingdom,London,2023-03-29
C0084,Isabella Kumar,isabella.kumar84@email.com,France,Marseille,2022-01-10
C0085,Emily Williams,emily.williams85@email.com,Kenya,Kisumu,2022-02-06
C0086,Emeka Martin,emeka.martin86@email.com,UAE,Sharjah,2022-06-01
C0087,Mia Jones,mia.jones87@email.com,Nigeria,Port Harcourt,2023-01-09
C0088,Blessing Diallo,blessing.diallo88@email.com,Nigeria,Port Harcourt,2022-08-04
C0089,Ngozi Nkrumah,ngozi.nkrumah89@email.com,Ghana,Kumasi,2023-02-21
C0090,Emma Hassan,emma.hassan90@email.com,Kenya,Nairobi,2022-06-16
C0091,Blessing Okonkwo,blessing.okonkwo91@email.com,Kenya,Mombasa,2022-01-26
C0092,Fatima Hassan,fatima.hassan92@email.com,Germany,Munich,2022-09-12
C0093,Kwame Okafor,kwame.okafor93@email.com,Ghana,Kumasi,2022-02-09
C0094,Chioma Jackson,chioma.jackson94@email.com,South Africa,Johannesburg,2023-04-17
C0095,Sophie Müller,sophie.müller95@email.com,South Africa,Johannesburg,2022-01-25
C0096,Ngozi Mensah,ngozi.mensah96@email.com,France,Lyon,2022-10-13
C0097,Chioma Williams,chioma.williams97@email.com,United Kingdom,Manchester,2023-06-06
C0098,Lucas Patel,lucas.patel98@email.com,Canada,Vancouver,2022-01-29
C0099,Emily Osei,emily.osei99@email.com,Kenya,Kisumu,2022-09-29
C0100,Sarah Brown,sarah.brown100@email.com,UAE,Abu Dhabi,2022-12-20
C0101,Aisha Okonkwo,aisha.okonkwo101@email.com,Germany,Munich,2023-06-08
C0102,Emily Anderson,emily.anderson102@email.com,UAE,Dubai,2022-09-18
C0103,Sarah Kumar,sarah.kumar103@email.com,France,Paris,2023-06-17
C0104,Blessing Harris,blessing.harris104@email.com,South Africa,Cape Town,2023-03-18
C0105,Michael Patel,michael.patel105@email.com,Germany,Hamburg,2022-11-18
C0106,Ngozi Diallo,ngozi.diallo106@email.com,Ghana,Tamale,2022-11-04
C0107,Noah Müller,noah.müller107@email.com,France,Lyon,2023-02-17
C0108,Kofi Müller,kofi.müller108@email.com,Canada,Toronto,2022-07-16
C0109,Mia Patel,mia.patel109@email.com,France,Marseille,2022-06-28
C0110,Emma Thompson,emma.thompson110@email.com,United Kingdom,Manchester,2022-01-01
C0111,Zainab Müller,zainab.müller111@email.com,South Africa,Cape Town,2022-11-26
C0112,Ethan Thomas,ethan.thomas112@email.com,United States,Chicago,2022-08-07
C0113,Noah Jackson,noah.jackson113@email.com,Kenya,Kisumu,2022-03-28
C0114,Zainab White,zainab.white114@email.com,UAE,Abu Dhabi,2022-04-06
C0115,Emeka Adeyemi,emeka.adeyemi115@email.com,South Africa,Durban,2022-11-14
C0116,Amara Okonkwo,amara.okonkwo116@email.com,South Africa,Johannesburg,2022-01-26
C0117,Sarah Nkrumah,sarah.nkrumah117@email.com,United States,Chicago,2022-03-16
C0118,Ethan Taylor,ethan.taylor118@email.com,UAE,Dubai,2023-01-29
C0119,Ava Anderson,ava.anderson119@email.com,South Africa,Johannesburg,2022-01-06
C0120,Tunde Diallo,tunde.diallo120@email.com,Ghana,Kumasi,2022-08-13
C0121,Fatima Okonkwo,fatima.okonkwo121@email.com,Canada,Vancouver,2022-02-21
C0122,Isabella Nkrumah,isabella.nkrumah122@email.com,Ghana,Kumasi,2022-05-17
C0123,Blessing Thomas,blessing.thomas123@email.com,Canada,Montreal,2022-11-21
C0124,Tunde Thomas,tunde.thomas124@email.com,UAE,Sharjah,2023-06-01
C0125,Mia Asante,mia.asante125@email.com,Canada,Vancouver,2022-06-12
C0126,Aisha Diallo,aisha.diallo126@email.com,United States,Los Angeles,2022-09-23
C0127,Tunde Nkrumah,tunde.nkrumah127@email.com,United Kingdom,Birmingham,2023-05-12
C0128,Yusuf Nkrumah,yusuf.nkrumah128@email.com,United Kingdom,Manchester,2022-03-21
C0129,Kofi Müller,kofi.müller129@email.com,South Africa,Cape Town,2022-12-10
C0130,Oliver Harris,oliver.harris130@email.com,Ghana,Accra,2022-06-04
C0131,Amara Anderson,amara.anderson131@email.com,Kenya,Kisumu,2022-08-08
C0132,Michael Taylor,michael.taylor132@email.com,France,Lyon,2023-04-23
C0133,Mia Johnson,mia.johnson133@email.com,South Africa,Cape Town,2023-02-03
C0134,Tunde Thompson,tunde.thompson134@email.com,Nigeria,Kano,2023-05-04
C0135,James Martin,james.martin135@email.com,United Kingdom,Manchester,2023-03-06
C0136,Isabella Hassan,isabella.hassan136@email.com,Canada,Montreal,2022-08-14
C0137,Ava Nkrumah,ava.nkrumah137@email.com,United Kingdom,Manchester,2023-05-13
C0138,James Anderson,james.anderson138@email.com,Germany,Hamburg,2023-02-19
C0139,Aisha Okafor,aisha.okafor139@email.com,United States,New York,2022-01-28
C0140,Lucas Thompson,lucas.thompson140@email.com,UAE,Sharjah,2022-01-28
C0141,Michael Ahmed,michael.ahmed141@email.com,France,Paris,2023-04-18
C0142,Fatima Johnson,fatima.johnson142@email.com,United Kingdom,Manchester,2022-12-02
C0143,Chidi Thomas,chidi.thomas143@email.com,Germany,Munich,2023-01-24
C0144,Kwame Adeyemi,kwame.adeyemi144@email.com,France,Lyon,2022-03-25
C0145,Ava Smith,ava.smith145@email.com,Canada,Toronto,2022-12-25
C0146,Amara Ahmed,amara.ahmed146@email.com,Ghana,Tamale,2022-02-11
C0147,Tunde Smith,tunde.smith147@email.com,South Africa,Johannesburg,2022-01-21
C0148,Emma Jones,emma.jones148@email.com,South Africa,Johannesburg,2023-04-30
C0149,Ngozi Brown,ngozi.brown149@email.com,UAE,Dubai,2023-04-22
C0150,Kofi Osei,kofi.osei150@email.com,Germany,Berlin,2022-04-28
C0151,Tunde Asante,tunde.asante151@email.com,Kenya,Mombasa,2022-04-21
C0152,Liam Smith,liam.smith152@email.com,United Kingdom,Birmingham,2023-01-20
C0153,Lucas Kumar,lucas.kumar153@email.com,South Africa,Johannesburg,2022-09-06
C0154,Emily Kumar,emily.kumar154@email.com,United Kingdom,Birmingham,2022-05-04
C0155,Blessing Thompson,blessing.thompson155@email.com,Nigeria,Port Harcourt,2023-06-30
C0156,Mia Patel,mia.patel156@email.com,Germany,Berlin,2023-06-03
C0157,Yusuf Dubois,yusuf.dubois157@email.com,Nigeria,Kano,2023-05-17
C0158,Emily Taylor,emily.taylor158@email.com,Germany,Hamburg,2023-04-16
C0159,Kofi Jones,kofi.jones159@email.com,France,Paris,2023-06-19
C0160,Yusuf Osei,yusuf.osei160@email.com,UAE,Sharjah,2023-05-11
C0161,Ethan Taylor,ethan.taylor161@email.com,UAE,Abu Dhabi,2022-11-27
C0162,Chioma Nkrumah,chioma.nkrumah162@email.com,Ghana,Kumasi,2023-04-07
C0163,Amara Adeyemi,amara.adeyemi163@email.com,United States,Chicago,2023-01-24
C0164,Oliver Smith,oliver.smith164@email.com,United States,Los Angeles,2022-07-06
C0165,Ava Mensah,ava.mensah165@email.com,Germany,Munich,2022-12-15
C0166,Kwame Garcia,kwame.garcia166@email.com,United Kingdom,Birmingham,2022-01-11
C0167,Noah Mensah,noah.mensah167@email.com,Ghana,Accra,2023-02-21
C0168,Ava Harris,ava.harris168@email.com,South Africa,Durban,2023-05-03
C0169,Yusuf Kumar,yusuf.kumar169@email.com,United States,Los Angeles,2022-01-18
C0170,Michael Müller,michael.müller170@email.com,South Africa,Cape Town,2022-09-07
C0171,Zainab Patel,zainab.patel171@email.com,UAE,Abu Dhabi,2023-04-30
C0172,Isabella White,isabella.white172@email.com,Germany,Munich,2022-12-05
C0173,Sophie Kumar,sophie.kumar173@email.com,United States,Los Angeles,2022-11-10
C0174,Kwame Nkrumah,kwame.nkrumah174@email.com,Ghana,Tamale,2022-07-17
C0175,Oliver Brown,oliver.brown175@email.com,Canada,Montreal,2022-07-09
C0176,Chidi Mensah,chidi.mensah176@email.com,United States,Los Angeles,2023-06-22
C0177,Emma Müller,emma.müller177@email.com,Ghana,Accra,2022-10-31
C0178,Amara Martin,amara.martin178@email.com,Kenya,Mombasa,2022-01-15
C0179,Kofi Harris,kofi.harris179@email.com,Kenya,Mombasa,2022-02-16
C0180,Sarah Harris,sarah.harris180@email.com,United Kingdom,Birmingham,2022-05-10
C0181,Yusuf Diallo,yusuf.diallo181@email.com,United States,New York,2022-01-13
C0182,Liam Müller,liam.müller182@email.com,United States,Los Angeles,2023-03-28
C0183,Oliver Okafor,oliver.okafor183@email.com,Nigeria,Port Harcourt,2023-05-05
C0184,Emily Asante,emily.asante184@email.com,Ghana,Kumasi,2023-05-19
C0185,Michael Thompson,michael.thompson185@email.com,Nigeria,Abuja,2022-06-02
C0186,Blessing Thompson,blessing.thompson186@email.com,United Kingdom,London,2022-09-12
C0187,Emily Harris,emily.harris187@email.com,France,Marseille,2022-08-20
C0188,Tunde White,tunde.white188@email.com,France,Lyon,2023-03-30
C0189,Zainab Diallo,zainab.diallo189@email.com,UAE,Abu Dhabi,2022-11-09
C0190,Liam Garcia,liam.garcia190@email.com,Nigeria,Lagos,2022-08-01
C0191,Yusuf Mensah,yusuf.mensah191@email.com,United Kingdom,Birmingham,2022-03-25
C0192,Fatima Nkrumah,fatima.nkrumah192@email.com,Kenya,Kisumu,2022-03-18
C0193,Fatima Smith,fatima.smith193@email.com,France,Lyon,2023-04-27
C0194,Zainab Johnson,zainab.johnson194@email.com,South Africa,Cape Town,2022-10-17
C0195,Kofi Diallo,kofi.diallo195@email.com,United States,New York,2022-08-28
C0196,Kwame Okonkwo,kwame.okonkwo196@email.com,UAE,Sharjah,2022-07-22
C0197,Mia Brown,mia.brown197@email.com,Canada,Toronto,2022-06-02
C0198,Kwame Asante,kwame.asante198@email.com,Kenya,Nairobi,2022-03-03
C0199,Fatima Okonkwo,fatima.okonkwo199@email.com,United Kingdom,Birmingham,2022-10-23
C0200,Ethan Brown,ethan.brown200@email.com,United States,Chicago,2022-11-08
C0201,Kofi Anderson,kofi.anderson201@email.com,United Kingdom,Birmingham,2023-05-21
C0202,Ethan Williams,ethan.williams202@email.com,UAE,Dubai,2023-03-19
C0203,Aisha Dubois,aisha.dubois203@email.com,UAE,Abu Dhabi,2022-01-27
C0204,Michael Nkrumah,michael.nkrumah204@email.com,UAE,Sharjah,2022-01-22
C0205,Tunde Patel,tunde.patel205@email.com,United Kingdom,Birmingham,2022-02-11
C0206,Tunde Adeyemi,tunde.adeyemi206@email.com,Kenya,Mombasa,2023-06-16
C0207,Yusuf Thomas,yusuf.thomas207@email.com,United Kingdom,London,2023-03-23
C0208,Yusuf Asante,yusuf.asante208@email.com,United States,New York,2023-04-27
C0209,Sophie Taylor,sophie.taylor209@email.com,Germany,Munich,2022-04-18
C0210,Chioma Okafor,chioma.okafor210@email.com,Germany,Munich,2023-05-23
C0211,Zainab Patel,zainab.patel211@email.com,France,Marseille,2022-02-07
C0212,Ethan Williams,ethan.williams212@email.com,Germany,Munich,2022-11-28
C0213,Emily Adeyemi,emily.adeyemi213@email.com,France,Marseille,2022-01-02
C0214,Ngozi Diallo,ngozi.diallo214@email.com,Canada,Vancouver,2023-02-28
C0215,Sarah Mensah,sarah.mensah215@email.com,Canada,Vancouver,2023-05-26
C0216,Yusuf Thomas,yusuf.thomas216@email.com,Nigeria,Abuja,2022-10-01
C0217,Isabella Jones,isabella.jones217@email.com,United Kingdom,Manchester,2023-05-12
C0218,Emily Smith,emily.smith218@email.com,UAE,Dubai,2022-06-12
C0219,Zainab Harris,zainab.harris219@email.com,Nigeria,Kano,2022-04-06
C0220,Amara Asante,amara.asante220@email.com,Ghana,Kumasi,2022-05-01
C0221,Yusuf Asante,yusuf.asante221@email.com,Kenya,Mombasa,2022-10-26
C0222,Noah Kumar,noah.kumar222@email.com,United Kingdom,Manchester,2023-05-10
C0223,Ava Nkrumah,ava.nkrumah223@email.com,United States,Chicago,2022-05-29
C0224,Lucas Mensah,lucas.mensah224@email.com,UAE,Sharjah,2022-05-20
C0225,Chioma Williams,chioma.williams225@email.com,United Kingdom,Manchester,2022-12-15
C0226,Blessing White,blessing.white226@email.com,United Kingdom,London,2022-10-17
C0227,Aisha Müller,aisha.müller227@email.com,UAE,Sharjah,2023-05-17
C0228,Chioma Jones,chioma.jones228@email.com,United States,Chicago,2023-05-11
C0229,Sophie Dubois,sophie.dubois229@email.com,Canada,Montreal,2023-01-22
C0230,Ethan Dubois,ethan.dubois230@email.com,South Africa,Durban,2022-09-02
C0231,Liam Anderson,liam.anderson231@email.com,South Africa,Cape Town,2022-02-14
C0232,Oliver Hassan,oliver.hassan232@email.com,United States,Chicago,2023-01-26
C0233,Lucas Patel,lucas.patel233@email.com,Kenya,Mombasa,2022-02-07
C0234,David White,david.white234@email.com,UAE,Abu Dhabi,2022-04-13
C0235,Chioma Diallo,chioma.diallo235@email.com,United States,New York,2023-06-23
C0236,Ethan Smith,ethan.smith236@email.com,Kenya,Mombasa,2022-06-08
C0237,Michael Jackson,michael.jackson237@email.com,United Kingdom,Manchester,2023-02-12
C0238,Yusuf Williams,yusuf.williams238@email.com,Germany,Hamburg,2023-01-25
C0239,Oliver Ahmed,oliver.ahmed239@email.com,United States,Chicago,2022-02-06
C0240,Emma Williams,emma.williams240@email.com,South Africa,Durban,2022-10-22
C0241,Amara Hassan,amara.hassan241@email.com,Ghana,Kumasi,2022-04-11
C0242,Tunde Ahmed,tunde.ahmed242@email.com,Ghana,Kumasi,2022-06-20
C0243,Kofi Müller,kofi.müller243@email.com,Nigeria,Lagos,2022-11-29
C0244,Blessing Johnson,blessing.johnson244@email.com,United Kingdom,Manchester,2023-01-19
C0245,Mia Jones,mia.jones245@email.com,South Africa,Durban,2023-02-26
C0246,Liam Patel,liam.patel246@email.com,Kenya,Nairobi,2022-06-29
C0247,Michael Garcia,michael.garcia247@email.com,France,Marseille,2022-09-04
C0248,Ava Thompson,ava.thompson248@email.com,Kenya,Nairobi,2023-04-18
C0249,Yusuf Osei,yusuf.osei249@email.com,United States,Los Angeles,2022-01-10
C0250,Blessing Thomas,blessing.thomas250@email.com,United Kingdom,Birmingham,2022-06-11
C0251,Michael Thomas,michael.thomas251@email.com,Germany,Hamburg,2022-11-03
C0252,Yusuf Taylor,yusuf.taylor252@email.com,United Kingdom,Manchester,2022-11-06
C0253,Chidi Anderson,chidi.anderson253@email.com,United States,New York,2022-08-31
C0254,Lucas Thompson,lucas.thompson254@email.com,Germany,Hamburg,2022-10-30
C0255,Kofi Müller,kofi.müller255@email.com,Nigeria,Kano,2022-10-09
C0256,James Thompson,james.thompson256@email.com,Nigeria,Kano,2022-10-21
C0257,Tunde Okonkwo,tunde.okonkwo257@email.com,South Africa,Durban,2022-12-27
C0258,Amara Ahmed,amara.ahmed258@email.com,South Africa,Durban,2022-09-14
C0259,Ngozi Adeyemi,ngozi.adeyemi259@email.com,Kenya,Kisumu,2022-04-10
C0260,Yusuf Ahmed,yusuf.ahmed260@email.com,Nigeria,Port Harcourt,2023-03-28
C0261,Sarah Thompson,sarah.thompson261@email.com,Germany,Hamburg,2022-05-15
C0262,Michael Müller,michael.müller262@email.com,Germany,Hamburg,2023-03-02
C0263,Fatima Mensah,fatima.mensah263@email.com,Kenya,Kisumu,2023-01-10
C0264,Noah White,noah.white264@email.com,United Kingdom,London,2022-09-21
C0265,Emeka Jackson,emeka.jackson265@email.com,United Kingdom,Birmingham,2022-12-13
C0266,Blessing Brown,blessing.brown266@email.com,United States,New York,2022-05-25
C0267,Tunde Nkrumah,tunde.nkrumah267@email.com,France,Marseille,2023-01-10
C0268,Michael Okonkwo,michael.okonkwo268@email.com,France,Paris,2022-09-28
C0269,Isabella Brown,isabella.brown269@email.com,United States,Los Angeles,2022-09-26
C0270,Liam Anderson,liam.anderson270@email.com,Germany,Berlin,2022-08-28
C0271,Ava Smith,ava.smith271@email.com,UAE,Sharjah,2022-12-02
C0272,Emma Nkrumah,emma.nkrumah272@email.com,Ghana,Tamale,2023-04-21
C0273,Kofi Müller,kofi.müller273@email.com,France,Paris,2022-05-24
C0274,Sarah Johnson,sarah.johnson274@email.com,United Kingdom,Manchester,2022-04-29
C0275,Emily Nkrumah,emily.nkrumah275@email.com,Canada,Toronto,2023-02-02
C0276,Ethan Martin,ethan.martin276@email.com,Canada,Vancouver,2022-06-08
C0277,Mia Ahmed,mia.ahmed277@email.com,Ghana,Kumasi,2023-02-22
C0278,Kwame Johnson,kwame.johnson278@email.com,Germany,Berlin,2023-03-31
C0279,Ethan Nkrumah,ethan.nkrumah279@email.com,Germany,Berlin,2023-01-12
C0280,Isabella Ahmed,isabella.ahmed280@email.com,Germany,Berlin,2023-02-12
C0281,Kwame Mensah,kwame.mensah281@email.com,Ghana,Kumasi,2022-04-04
C0282,Ngozi Mensah,ngozi.mensah282@email.com,UAE,Dubai,2022-02-21
C0283,Blessing Dubois,blessing.dubois283@email.com,South Africa,Johannesburg,2022-07-30
C0284,Michael Asante,michael.asante284@email.com,Canada,Toronto,2022-08-10
C0285,Emeka Diallo,emeka.diallo285@email.com,South Africa,Cape Town,2022-06-01
C0286,Blessing Garcia,blessing.garcia286@email.com,Nigeria,Port Harcourt,2022-05-29
C0287,David Harris,david.harris287@email.com,United Kingdom,London,2022-04-23
C0288,Ngozi Diallo,ngozi.diallo288@email.com,Nigeria,Abuja,2022-01-16
C0289,Sophie Okonkwo,sophie.okonkwo289@email.com,South Africa,Durban,2022-11-28
C0290,James Okafor,james.okafor290@email.com,United Kingdom,London,2022-05-10
C0291,Aisha Taylor,aisha.taylor291@email.com,Canada,Toronto,2022-03-07
C0292,Ava Thomas,ava.thomas292@email.com,Germany,Hamburg,2022-04-22
C0293,Ethan White,ethan.white293@email.com,South Africa,Durban,2022-02-14
C0294,Aisha Okonkwo,aisha.okonkwo294@email.com,Canada,Vancouver,2023-04-15
C0295,Yusuf Smith,yusuf.smith295@email.com,Nigeria,Kano,2023-02-16
C0296,Mia Patel,mia.patel296@email.com,Ghana,Kumasi,2023-03-31
C0297,Michael Williams,michael.williams297@email.com,Germany,Hamburg,2022-06-01
C0298,Michael Jones,michael.jones298@email.com,United Kingdom,Birmingham,2022-11-29
C0299,Lucas Garcia,lucas.garcia299@email.com,Canada,Vancouver,2023-04-10
C0300,Noah Garcia,noah.garcia300@email.com,France,Paris,2022-04-28
C0301,Chioma Ahmed,chioma.ahmed301@email.com,Canada,Montreal,2022-08-09
C0302,Mia Thomas,mia.thomas302@email.com,South Africa,Cape Town,2022-12-14
C0303,Emeka Thomas,emeka.thomas303@email.com,France,Lyon,2022-04-08
C0304,Oliver Taylor,oliver.taylor304@email.com,Germany,Hamburg,2022-09-19
C0305,Sophie Jones,sophie.jones305@email.com,United States,New York,2022-04-04
C0306,Emeka Williams,emeka.williams306@email.com,Ghana,Kumasi,2022-04-09
C0307,Aisha Hassan,aisha.hassan307@email.com,Germany,Berlin,2022-03-03
C0308,Liam Harris,liam.harris308@email.com,Canada,Vancouver,2022-05-06
C0309,Mia Martin,mia.martin309@email.com,France,Marseille,2022-02-22
C0310,Zainab Garcia,zainab.garcia310@email.com,United Kingdom,Manchester,2022-04-17
C0311,Liam White,liam.white311@email.com,South Africa,Johannesburg,2023-05-09
C0312,Amara Diallo,amara.diallo312@email.com,Ghana,Kumasi,2023-01-12
C0313,Emily Adeyemi,emily.adeyemi313@email.com,United Kingdom,Birmingham,2022-08-20
C0314,Blessing Taylor,blessing.taylor314@email.com,Canada,Montreal,2022-01-27
C0315,Emma Patel,emma.patel315@email.com,United Kingdom,London,2022-07-04
C0316,Kwame Kumar,kwame.kumar316@email.com,United Kingdom,Manchester,2022-12-26
C0317,James Okafor,james.okafor317@email.com,Kenya,Kisumu,2023-02-15
C0318,Michael Jones,michael.jones318@email.com,Nigeria,Lagos,2023-06-28
C0319,Chidi Anderson,chidi.anderson319@email.com,France,Lyon,2022-12-16
C0320,Fatima Martin,fatima.martin320@email.com,United Kingdom,Birmingham,2022-11-29
C0321,Tunde Thompson,tunde.thompson321@email.com,UAE,Dubai,2022-02-23
C0322,David Okafor,david.okafor322@email.com,UAE,Dubai,2022-03-25
C0323,Kwame Thomas,kwame.thomas323@email.com,France,Lyon,2023-03-29
C0324,Mia Osei,mia.osei324@email.com,South Africa,Durban,2022-04-27
C0325,Sophie Taylor,sophie.taylor325@email.com,Ghana,Kumasi,2023-05-14
C0326,Noah Patel,noah.patel326@email.com,United Kingdom,London,2022-08-14
C0327,Lucas Garcia,lucas.garcia327@email.com,Nigeria,Lagos,2022-07-29
C0328,Zainab Mensah,zainab.mensah328@email.com,Kenya,Mombasa,2022-10-24
C0329,Oliver Brown,oliver.brown329@email.com,Nigeria,Kano,2023-03-17
C0330,Fatima Jones,fatima.jones330@email.com,France,Marseille,2022-08-24
C0331,Noah Harris,noah.harris331@email.com,Germany,Berlin,2023-02-11
C0332,Chioma Hassan,chioma.hassan332@email.com,Nigeria,Kano,2022-01-20
C0333,Ethan Williams,ethan.williams333@email.com,Germany,Hamburg,2023-03-16
C0334,Liam Anderson,liam.anderson334@email.com,France,Lyon,2022-04-28
C0335,Lucas Smith,lucas.smith335@email.com,Germany,Berlin,2023-04-17
C0336,Emeka Kumar,emeka.kumar336@email.com,Germany,Berlin,2023-03-24
C0337,Chioma Brown,chioma.brown337@email.com,South Africa,Cape Town,2023-02-15
C0338,Noah Williams,noah.williams338@email.com,France,Lyon,2022-12-14
C0339,Amara Dubois,amara.dubois339@email.com,Kenya,Nairobi,2023-06-07
C0340,Yusuf Brown,yusuf.brown340@email.com,Canada,Montreal,2022-07-18
C0341,Tunde Martin,tunde.martin341@email.com,Germany,Hamburg,2022-06-01
C0342,Amara Brown,amara.brown342@email.com,Kenya,Mombasa,2022-07-22
C0343,Fatima Garcia,fatima.garcia343@email.com,Kenya,Kisumu,2022-03-19
C0344,Fatima Adeyemi,fatima.adeyemi344@email.com,United States,Los Angeles,2023-04-05
C0345,Ngozi Thompson,ngozi.thompson345@email.com,UAE,Abu Dhabi,2022-11-20
C0346,David Thomas,david.thomas346@email.com,Ghana,Kumasi,2023-03-29
C0347,Yusuf Müller,yusuf.müller347@email.com,United Kingdom,Birmingham,2022-02-27
C0348,Sophie White,sophie.white348@email.com,Ghana,Kumasi,2023-04-18
C0349,Ethan Johnson,ethan.johnson349@email.com,Nigeria,Port Harcourt,2022-10-21
C0350,Michael Ahmed,michael.ahmed350@email.com,Ghana,Tamale,2023-06-04
C0351,Lucas Thomas,lucas.thomas351@email.com,UAE,Sharjah,2022-02-12
C0352,Ethan Okonkwo,ethan.okonkwo352@email.com,UAE,Sharjah,2022-07-12
C0353,Oliver Garcia,oliver.garcia353@email.com,United States,Chicago,2022-06-04
C0354,Sarah Thomas,sarah.thomas354@email.com,Ghana,Kumasi,2022-03-28
C0355,Noah Ahmed,noah.ahmed355@email.com,Kenya,Nairobi,2022-09-11
C0356,Kofi Thomas,kofi.thomas356@email.com,United States,Chicago,2023-06-20
C0357,Emma Okafor,emma.okafor357@email.com,Germany,Munich,2022-10-17
C0358,Lucas Taylor,lucas.taylor358@email.com,Germany,Hamburg,2022-02-23
C0359,Blessing Ahmed,blessing.ahmed359@email.com,Germany,Berlin,2022-12-04
C0360,Emily Harris,emily.harris360@email.com,France,Lyon,2022-09-16
C0361,Aisha Diallo,aisha.diallo361@email.com,UAE,Dubai,2022-12-08
C0362,Michael Thompson,michael.thompson362@email.com,Kenya,Mombasa,2022-11-14
C0363,Yusuf Kumar,yusuf.kumar363@email.com,France,Paris,2022-03-28
C0364,Zainab Harris,zainab.harris364@email.com,France,Marseille,2022-12-03
C0365,Emeka Jones,emeka.jones365@email.com,Canada,Toronto,2023-03-10
C0366,Noah Martin,noah.martin366@email.com,Nigeria,Port Harcourt,2022-11-13
C0367,Fatima Mensah,fatima.mensah367@email.com,Germany,Munich,2022-07-16
C0368,Amara Jones,amara.jones368@email.com,Kenya,Nairobi,2022-10-30
C0369,Chioma Okonkwo,chioma.okonkwo369@email.com,Ghana,Tamale,2023-06-24
C0370,Sarah Patel,sarah.patel370@email.com,Germany,Hamburg,2022-05-15
C0371,Emma Anderson,emma.anderson371@email.com,Kenya,Nairobi,2022-07-05
C0372,Emeka Kumar,emeka.kumar372@email.com,UAE,Dubai,2023-03-25
C0373,Sarah Taylor,sarah.taylor373@email.com,Germany,Hamburg,2022-09-01
C0374,Ethan Garcia,ethan.garcia374@email.com,United Kingdom,Birmingham,2023-04-05
C0375,Amara Harris,amara.harris375@email.com,South Africa,Cape Town,2023-04-26
C0376,Emeka Mensah,emeka.mensah376@email.com,Germany,Hamburg,2023-03-28
C0377,Ethan Adeyemi,ethan.adeyemi377@email.com,United Kingdom,Manchester,2023-05-30
C0378,Noah Taylor,noah.taylor378@email.com,Kenya,Nairobi,2022-05-22
C0379,Chioma Osei,chioma.osei379@email.com,Nigeria,Kano,2023-01-16
C0380,Isabella Brown,isabella.brown380@email.com,Canada,Toronto,2022-10-19
C0381,Michael Adeyemi,michael.adeyemi381@email.com,Kenya,Mombasa,2023-04-06
C0382,Noah Jones,noah.jones382@email.com,France,Paris,2022-08-16
C0383,Emeka Thomas,emeka.thomas383@email.com,Germany,Berlin,2023-03-01
C0384,Sarah Anderson,sarah.anderson384@email.com,Canada,Vancouver,2022-08-30
C0385,Lucas Williams,lucas.williams385@email.com,Germany,Berlin,2022-01-29
C0386,Oliver Brown,oliver.brown386@email.com,Germany,Berlin,2022-05-21
C0387,Sarah Müller,sarah.müller387@email.com,United States,Chicago,2022-05-23
C0388,Tunde Kumar,tunde.kumar388@email.com,United States,Los Angeles,2022-01-06
C0389,Michael Smith,michael.smith389@email.com,United Kingdom,London,2022-06-03
C0390,Isabella Hassan,isabella.hassan390@email.com,UAE,Sharjah,2023-03-10
C0391,Emily Adeyemi,emily.adeyemi391@email.com,United Kingdom,London,2022-11-05
C0392,Emily Johnson,emily.johnson392@email.com,South Africa,Cape Town,2023-04-14
C0393,Michael Brown,michael.brown393@email.com,United States,Chicago,2022-01-17
C0394,Yusuf White,yusuf.white394@email.com,UAE,Dubai,2022-05-28
C0395,Zainab Taylor,zainab.taylor395@email.com,Nigeria,Port Harcourt,2022-09-04
C0396,Liam Taylor,liam.taylor396@email.com,Kenya,Kisumu,2022-03-29
C0397,Noah Martin,noah.martin397@email.com,Ghana,Tamale,2023-06-04
C0398,Blessing White,blessing.white398@email.com,Canada,Toronto,2023-02-04
C0399,Chioma Jackson,chioma.jackson399@email.com,Nigeria,Kano,2023-01-18
C0400,Kwame Hassan,kwame.hassan400@email.com,Nigeria,Port Harcourt,2022-03-11
C0401,Sophie Nkrumah,sophie.nkrumah401@email.com,Ghana,Tamale,2022-12-07
C0402,David Johnson,david.johnson402@email.com,Germany,Hamburg,2022-12-13
C0403,Emeka Ahmed,emeka.ahmed403@email.com,Kenya,Kisumu,2023-04-21
C0404,Kofi Jackson,kofi.jackson404@email.com,Kenya,Nairobi,2022-03-06
C0405,Kofi Adeyemi,kofi.adeyemi405@email.com,United States,New York,2022-10-28
C0406,Chidi Johnson,chidi.johnson406@email.com,South Africa,Johannesburg,2022-11-20
C0407,Zainab White,zainab.white407@email.com,France,Marseille,2023-04-30
C0408,Kwame Johnson,kwame.johnson408@email.com,South Africa,Cape Town,2023-01-01
C0409,Chioma Adeyemi,chioma.adeyemi409@email.com,Nigeria,Port Harcourt,2022-10-07
C0410,Emily Okonkwo,emily.okonkwo410@email.com,Germany,Munich,2023-02-14
C0411,Aisha Thomas,aisha.thomas411@email.com,France,Lyon,2022-07-11
C0412,Ava Kumar,ava.kumar412@email.com,United States,Los Angeles,2023-06-16
C0413,Kwame Okonkwo,kwame.okonkwo413@email.com,Ghana,Tamale,2023-03-11
C0414,Michael Taylor,michael.taylor414@email.com,UAE,Dubai,2022-10-28
C0415,Oliver Brown,oliver.brown415@email.com,Ghana,Kumasi,2022-10-30
C0416,Zainab Thomas,zainab.thomas416@email.com,UAE,Sharjah,2023-03-13
C0417,Fatima Kumar,fatima.kumar417@email.com,United States,Los Angeles,2023-04-03
C0418,Sarah Hassan,sarah.hassan418@email.com,Germany,Hamburg,2023-03-22
C0419,Kwame Ahmed,kwame.ahmed419@email.com,Nigeria,Lagos,2023-02-20
C0420,Sophie White,sophie.white420@email.com,Kenya,Nairobi,2022-05-27
C0421,Chioma Garcia,chioma.garcia421@email.com,United States,New York,2022-05-10
C0422,Michael Nkrumah,michael.nkrumah422@email.com,Germany,Munich,2023-01-28
C0423,Liam Johnson,liam.johnson423@email.com,UAE,Dubai,2023-04-06
C0424,Sophie Martin,sophie.martin424@email.com,United States,New York,2022-05-21
C0425,Noah Martin,noah.martin425@email.com,France,Lyon,2022-10-13
C0426,Amara Brown,amara.brown426@email.com,Nigeria,Abuja,2023-05-27
C0427,Noah Anderson,noah.anderson427@email.com,Canada,Toronto,2022-09-26
C0428,Tunde Osei,tunde.osei428@email.com,United States,New York,2022-10-20
C0429,Kofi Jackson,kofi.jackson429@email.com,South Africa,Johannesburg,2022-05-19
C0430,Chioma Williams,chioma.williams430@email.com,United States,New York,2023-04-01
C0431,Michael Okonkwo,michael.okonkwo431@email.com,Germany,Hamburg,2022-12-22
C0432,Kofi Williams,kofi.williams432@email.com,Canada,Montreal,2022-10-25
C0433,Zainab Diallo,zainab.diallo433@email.com,Kenya,Kisumu,2022-06-28
C0434,Blessing Martin,blessing.martin434@email.com,Canada,Toronto,2022-05-05
C0435,Chidi Okonkwo,chidi.okonkwo435@email.com,Kenya,Nairobi,2023-05-21
C0436,James Martin,james.martin436@email.com,Canada,Montreal,2023-01-13
C0437,Ethan Okonkwo,ethan.okonkwo437@email.com,Canada,Toronto,2022-03-30
C0438,Michael Müller,michael.müller438@email.com,France,Marseille,2023-05-06
C0439,Noah Taylor,noah.taylor439@email.com,France,Marseille,2022-03-17
C0440,David Dubois,david.dubois440@email.com,Ghana,Kumasi,2023-04-23
C0441,Ngozi White,ngozi.white441@email.com,Germany,Berlin,2022-07-06
C0442,Tunde Jones,tunde.jones442@email.com,France,Marseille,2022-02-26
C0443,Emeka Brown,emeka.brown443@email.com,Canada,Toronto,2022-11-08
C0444,Fatima Okafor,fatima.okafor444@email.com,Germany,Hamburg,2022-08-19
C0445,Sophie White,sophie.white445@email.com,United Kingdom,London,2022-09-14
C0446,Chidi Ahmed,chidi.ahmed446@email.com,Canada,Vancouver,2022-05-09
C0447,Yusuf Müller,yusuf.müller447@email.com,UAE,Sharjah,2022-04-06
C0448,Noah Ahmed,noah.ahmed448@email.com,Kenya,Kisumu,2022-06-07
C0449,Fatima Patel,fatima.patel449@email.com,UAE,Sharjah,2022-12-12
C0450,Emeka Thompson,emeka.thompson450@email.com,Nigeria,Lagos,2022-03-25
C0451,Sarah Ahmed,sarah.ahmed451@email.com,UAE,Abu Dhabi,2022-08-04
C0452,Tunde Thompson,tunde.thompson452@email.com,France,Marseille,2022-02-01
C0453,Ava Ahmed,ava.ahmed453@email.com,Canada,Vancouver,2022-11-06
C0454,Ava Nkrumah,ava.nkrumah454@email.com,France,Lyon,2023-04-10
C0455,Michael Kumar,michael.kumar455@email.com,Nigeria,Abuja,2023-03-27
C0456,Mia Jackson,mia.jackson456@email.com,United States,New York,2022-12-15
C0457,Emma Jones,emma.jones457@email.com,Germany,Hamburg,2022-11-23
C0458,Aisha Diallo,aisha.diallo458@email.com,Germany,Munich,2022-05-14
C0459,Tunde Martin,tunde.martin459@email.com,Canada,Montreal,2022-04-19
C0460,Oliver Nkrumah,oliver.nkrumah460@email.com,United States,New York,2022-10-01
C0461,Ethan Nkrumah,ethan.nkrumah461@email.com,Kenya,Nairobi,2022-02-21
C0462,Zainab Anderson,zainab.anderson462@email.com,UAE,Abu Dhabi,2022-09-12
C0463,Chioma Okafor,chioma.okafor463@email.com,Germany,Hamburg,2022-11-17
C0464,Chidi Adeyemi,chidi.adeyemi464@email.com,Kenya,Mombasa,2023-06-12
C0465,Ethan Jackson,ethan.jackson465@email.com,United Kingdom,Manchester,2022-01-24
C0466,Michael Anderson,michael.anderson466@email.com,Canada,Vancouver,2022-09-04
C0467,Chidi Thompson,chidi.thompson467@email.com,Germany,Berlin,2022-02-21
C0468,Zainab Jackson,zainab.jackson468@email.com,UAE,Sharjah,2023-04-27
C0469,Zainab Harris,zainab.harris469@email.com,Nigeria,Lagos,2023-03-18
C0470,David Osei,david.osei470@email.com,Germany,Munich,2023-01-10
C0471,Sarah Anderson,sarah.anderson471@email.com,Nigeria,Abuja,2023-01-07
C0472,Isabella Müller,isabella.müller472@email.com,Ghana,Kumasi,2023-06-01
C0473,Ethan Adeyemi,ethan.adeyemi473@email.com,Canada,Vancouver,2022-05-02
C0474,David Brown,david.brown474@email.com,France,Lyon,2022-12-14
C0475,Isabella Martin,isabella.martin475@email.com,Kenya,Nairobi,2023-06-06
C0476,Lucas White,lucas.white476@email.com,Nigeria,Lagos,2022-02-09
C0477,David Kumar,david.kumar477@email.com,Germany,Munich,2023-06-16
C0478,Ethan Jones,ethan.jones478@email.com,UAE,Sharjah,2022-05-24
C0479,Oliver Garcia,oliver.garcia479@email.com,Germany,Berlin,2023-02-07
C0480,Emma Hassan,emma.hassan480@email.com,United Kingdom,Birmingham,2022-12-11
C0481,Noah Asante,noah.asante481@email.com,Canada,Montreal,2023-05-17
C0482,Kofi Thompson,kofi.thompson482@email.com,United Kingdom,Manchester,2022-01-18
C0483,Sophie Dubois,sophie.dubois483@email.com,Ghana,Kumasi,2022-11-12
C0484,Blessing Hassan,blessing.hassan484@email.com,Nigeria,Kano,2022-09-29
C0485,Yusuf Okonkwo,yusuf.okonkwo485@email.com,UAE,Sharjah,2022-08-22
C0486,Aisha Johnson,aisha.johnson486@email.com,UAE,Abu Dhabi,2022-06-24
C0487,Noah Ahmed,noah.ahmed487@email.com,UAE,Abu Dhabi,2022-06-01
C0488,Emeka Patel,emeka.patel488@email.com,South Africa,Johannesburg,2022-04-23
C0489,Chidi Smith,chidi.smith489@email.com,United States,Los Angeles,2023-03-05
C0490,David Taylor,david.taylor490@email.com,South Africa,Cape Town,2023-05-29
C0491,Tunde Garcia,tunde.garcia491@email.com,United States,Chicago,2022-03-05
C0492,Kofi Jones,kofi.jones492@email.com,Canada,Toronto,2022-11-29
C0493,Ngozi Jackson,ngozi.jackson493@email.com,Canada,Vancouver,2022-11-18
C0494,Fatima Thomas,fatima.thomas494@email.com,Canada,Vancouver,2022-12-29
C0495,Ngozi Adeyemi,ngozi.adeyemi495@email.com,United Kingdom,Birmingham,2023-05-11
C0496,Chidi Nkrumah,chidi.nkrumah496@email.com,United Kingdom,Birmingham,2022-11-02
C0497,Amara Müller,amara.müller497@email.com,United Kingdom,Birmingham,2022-08-01
C0498,Kofi Kumar,kofi.kumar498@email.com,United States,Los Angeles,2023-05-07
C0499,Sophie Harris,sophie.harris499@email.com,United Kingdom,Manchester,2022-05-05
C0500,Liam Patel,liam.patel500@email.com,Canada,Vancouver,2023-02-09
