order_id,customer_id,order_date,status,amount
O00001,C0001,2023-02-13,returned,472.0
O00002,C0001,2023-03-22,completed,934.0
O00003,C0001,2023-10-22,completed,420.0
O00004,C0001,2023-10-25,returned,35.0
O00005,C0001,2023-12-21,completed,308.0
O00006,C0002,2023-03-02,cancelled,75.0
O00007,C0002,2023-04-02,returned,2660.0
O00008,C0002,2023-10-20,completed,2569.0
O00009,C0002,2023-11-25,returned,3252.2
O00010,C0002,2024-10-23,returned,3895.0
O00011,C0002,2024-10-29,completed,300.0
O00012,C0003,2023-04-08,completed,605.0
O00013,C0003,2023-05-24,cancelled,240.0
O00014,C0003,2023-07-09,completed,138.0
O00015,C0003,2023-09-12,completed,440.0
O00016,C0003,2023-11-28,completed,427.0
O00017,C0003,2024-05-03,cancelled,370.0
O00018,C0003,2024-11-16,completed,168.0
O00019,C0004,2023-03-05,completed,223.0
O00020,C0004,2023-04-25,completed,805.0
O00021,C0004,2024-06-01,completed,4801.25
O00022,C0004,2024-07-14,completed,189.75
O00023,C0005,2023-03-12,completed,525.0
O00024,C0005,2024-04-28,returned,343.0
O00025,C0006,2024-10-31,completed,135.0
O00026,C0007,2023-01-04,returned,580.0
O00027,C0007,2023-01-24,completed,575.0
O00028,C0007,2023-08-17,returned,138.0
O00029,C0007,2023-11-02,returned,1297.8
O00030,C0008,2023-05-27,returned,495.0
O00031,C0008,2023-08-15,returned,1017.75
O00032,C0008,2023-08-31,returned,373.75
O00033,C0008,2023-11-06,completed,231.0
O00034,C0008,2023-11-25,cancelled,2972.2
O00035,C0008,2024-06-17,returned,701.5
O00036,C0008,2024-11-07,cancelled,124.6
O00037,C0008,2024-11-19,cancelled,557.2
O00038,C0009,2023-05-01,completed,705.0
O00039,C0009,2023-07-29,returned,770.5
O00040,C0009,2023-09-03,completed,360.0
O00041,C0009,2023-09-06,cancelled,415.0
O00042,C0009,2023-11-26,completed,791.0
O00043,C0009,2024-02-11,completed,480.0
O00044,C0009,2024-05-05,cancelled,89.0
O00045,C0009,2024-07-19,completed,189.75
O00046,C0009,2024-09-10,completed,35.0
O00047,C0009,2024-12-13,completed,756.0
O00048,C0009,2024-12-21,completed,112.0
O00049,C0010,2023-01-18,completed,420.0
O00050,C0010,2023-04-09,returned,150.0
O00051,C0010,2023-04-20,returned,210.0
O00052,C0010,2023-06-02,completed,126.5
O00053,C0010,2023-07-03,cancelled,5014.0
O00054,C0010,2023-10-21,completed,135.0
O00055,C0010,2024-03-16,cancelled,950.0
O00056,C0010,2024-05-29,completed,5142.0
O00057,C0010,2024-06-20,completed,92.0
O00058,C0010,2024-07-02,cancelled,408.25
O00059,C0010,2024-11-21,cancelled,1236.2
O00060,C0010,2024-12-15,cancelled,910.0
O00061,C0011,2023-08-02,cancelled,667.0
O00062,C0011,2024-12-20,completed,6129.2
O00063,C0012,2023-01-27,returned,190.0
O00064,C0012,2023-04-02,completed,125.0
O00065,C0012,2023-04-06,completed,710.0
O00066,C0012,2023-04-16,completed,670.0
O00067,C0012,2023-11-29,returned,1258.6
O00068,C0012,2023-12-29,returned,403.2
O00069,C0012,2024-02-22,returned,365.0
O00070,C0012,2024-04-04,returned,840.0
O00071,C0012,2024-06-08,returned,632.5
O00072,C0012,2024-07-21,completed,448.5
O00073,C0012,2024-07-22,completed,545.1
O00074,C0012,2024-07-24,completed,425.5
O00075,C0012,2024-09-03,cancelled,739.0
O00076,C0012,2024-09-04,cancelled,899.0
O00077,C0013,2024-10-24,cancelled,120.0
O00078,C0014,2023-05-19,completed,360.0
O00079,C0014,2024-04-15,cancelled,420.0
O00080,C0015,2023-01-26,completed,808.0
O00081,C0015,2023-04-18,completed,580.0
O00082,C0015,2024-05-09,completed,267.0
O00083,C0016,2023-09-07,cancelled,230.0
O00084,C0017,2023-11-03,returned,2184.0
O00085,C0018,2023-04-15,completed,2113.0
O00086,C0018,2023-07-11,completed,669.3
O00087,C0018,2024-07-03,completed,80.5
O00088,C0018,2024-08-14,completed,362.25
O00089,C0019,2023-05-22,completed,280.0
O00090,C0019,2024-01-28,completed,312.0
O00091,C0019,2024-03-09,completed,110.0
O00092,C0019,2024-08-11,returned,454.25
O00093,C0020,2023-02-03,completed,460.0
O00094,C0020,2023-10-09,completed,360.0
O00095,C0021,2024-09-16,cancelled,2752.0
O00096,C0022,2024-04-05,completed,239.0
O00097,C0023,2024-09-16,returned,155.0
O00098,C0023,2024-12-28,cancelled,546.0
O00099,C0024,2023-05-03,completed,573.0
O00100,C0024,2023-06-09,completed,1253.5
O00101,C0024,2023-07-11,completed,5100.25
O00102,C0024,2023-07-17,completed,149.5
O00103,C0024,2023-07-20,completed,1138.5
O00104,C0024,2023-11-14,returned,1134.0
O00105,C0024,2023-12-12,completed,3479.0
O00106,C0024,2024-04-28,completed,670.0
O00107,C0025,2023-07-16,completed,4513.75
O00108,C0025,2023-11-09,returned,3360.0
O00109,C0025,2024-03-31,completed,535.0
O00110,C0025,2024-07-02,completed,264.5
O00111,C0026,2023-06-05,returned,1100.55
O00112,C0026,2023-06-18,completed,4567.8
O00113,C0026,2023-08-07,cancelled,463.45
O00114,C0026,2023-12-26,cancelled,182.0
O00115,C0026,2024-03-26,returned,2148.0
O00116,C0026,2024-09-16,returned,525.0
O00117,C0026,2024-10-05,completed,505.0
O00118,C0026,2024-10-27,cancelled,215.0
O00119,C0027,2023-03-09,returned,300.0
O00120,C0027,2023-06-09,completed,345.0
O00121,C0027,2023-11-14,completed,126.0
O00122,C0027,2023-12-01,cancelled,2874.2
O00123,C0027,2024-02-05,completed,1005.0
O00124,C0027,2024-07-03,completed,529.0
O00125,C0027,2024-08-23,cancelled,155.25
O00126,C0027,2024-10-11,completed,89.0
O00127,C0027,2024-10-20,completed,170.0
O00128,C0027,2024-10-27,completed,657.0
O00129,C0027,2024-11-28,returned,735.0
O00130,C0028,2023-11-04,completed,182.0
O00131,C0028,2024-11-30,completed,1047.2
O00132,C0029,2023-09-06,completed,370.0
O00133,C0029,2024-04-20,completed,180.0
O00134,C0029,2024-09-29,completed,240.0
O00135,C0030,2023-04-17,cancelled,220.0
O00136,C0030,2023-07-30,completed,172.5
O00137,C0031,2024-01-17,returned,120.0
O00138,C0031,2024-12-18,completed,868.0
O00139,C0032,2023-11-22,completed,399.0
O00140,C0032,2024-04-08,completed,90.0
O00141,C0033,2024-01-13,returned,823.0
O00142,C0033,2024-04-25,cancelled,90.0
O00143,C0033,2024-06-15,completed,80.5
O00144,C0033,2024-09-19,returned,70.0
O00145,C0034,2024-02-19,returned,1049.0
O00146,C0035,2023-03-28,completed,55.0
O00147,C0035,2023-05-14,returned,328.0
O00148,C0035,2023-07-22,completed,874.0
O00149,C0035,2023-09-23,returned,410.0
O00150,C0035,2024-01-17,returned,1470.0
O00151,C0035,2024-02-15,completed,735.0
O00152,C0035,2024-08-19,cancelled,212.75
O00153,C0035,2024-08-23,completed,494.5
O00154,C0035,2024-10-07,completed,1510.0
O00155,C0035,2024-10-22,cancelled,175.0
O00156,C0035,2024-12-03,completed,427.0
O00157,C0036,2023-06-30,completed,713.0
O00158,C0037,2024-07-30,completed,2087.25
O00159,C0038,2023-08-07,completed,1190.25
O00160,C0038,2023-09-14,completed,185.0
O00161,C0038,2023-09-28,completed,125.0
O00162,C0038,2023-11-06,completed,231.0
O00163,C0038,2023-11-26,returned,126.0
O00164,C0038,2023-12-08,cancelled,2601.2
O00165,C0038,2023-12-14,completed,336.0
O00166,C0038,2024-01-13,completed,195.0
O00167,C0038,2024-06-11,completed,4318.25
O00168,C0038,2024-06-28,returned,767.05
O00169,C0038,2024-07-23,completed,494.5
O00170,C0039,2023-07-17,completed,46.0
O00171,C0039,2023-10-24,completed,275.0
O00172,C0039,2024-04-17,completed,330.0
O00173,C0039,2024-05-21,cancelled,855.0
O00174,C0040,2023-04-09,returned,285.0
O00175,C0040,2024-04-09,cancelled,1385.0
O00176,C0041,2024-05-15,completed,120.0
O00177,C0041,2024-11-07,completed,697.2
O00178,C0042,2023-08-25,returned,342.7
O00179,C0042,2023-09-18,cancelled,820.0
O00180,C0042,2023-09-30,cancelled,1019.0
O00181,C0042,2023-11-24,completed,3929.8
O00182,C0042,2024-06-09,completed,445.05
O00183,C0042,2024-12-28,completed,429.8
O00184,C0043,2023-04-26,completed,390.0
O00185,C0043,2023-06-03,completed,204.7
O00186,C0043,2024-02-29,returned,675.0
O00187,C0044,2023-01-21,completed,1908.0
O00188,C0044,2023-02-20,completed,1190.0
O00189,C0044,2023-09-01,completed,40.0
O00190,C0044,2023-10-03,completed,390.0
O00191,C0044,2023-10-15,completed,134.0
O00192,C0044,2023-11-07,completed,966.0
O00193,C0044,2023-11-15,completed,336.0
O00194,C0044,2023-12-12,cancelled,880.6
O00195,C0044,2024-01-17,completed,1739.0
O00196,C0044,2024-05-01,completed,415.0
O00197,C0044,2024-05-18,completed,3180.0
O00198,C0044,2024-12-08,completed,1341.2
O00199,C0044,2024-12-13,returned,5040.0
O00200,C0045,2023-11-02,completed,1362.2
O00201,C0045,2024-12-01,completed,1762.6
O00202,C0046,2023-01-27,returned,415.0
O00203,C0047,2024-05-21,completed,804.0
O00204,C0048,2023-11-07,completed,308.0
O00205,C0048,2024-01-23,completed,583.0
O00206,C0048,2024-04-11,cancelled,85.0
O00207,C0048,2024-11-26,cancelled,249.2
O00208,C0049,2023-05-21,returned,3220.0
O00209,C0049,2023-06-04,completed,97.75
O00210,C0049,2023-07-25,completed,264.5
O00211,C0049,2023-12-17,cancelled,406.0
O00212,C0050,2024-02-26,completed,105.0
O00213,C0050,2024-09-27,completed,110.0
O00214,C0051,2023-02-16,completed,335.0
O00215,C0051,2023-03-08,completed,235.0
O00216,C0051,2023-06-21,completed,1154.6
O00217,C0052,2024-01-11,completed,719.0
O00218,C0052,2024-12-29,completed,98.0
O00219,C0053,2023-06-06,completed,327.75
O00220,C0053,2023-09-16,completed,380.0
O00221,C0053,2024-04-30,cancelled,95.0
O00222,C0053,2024-12-19,returned,546.0
O00223,C0054,2023-02-10,cancelled,655.0
O00224,C0054,2023-06-14,cancelled,2671.45
O00225,C0055,2023-09-28,completed,65.0
O00226,C0055,2024-04-20,completed,280.0
O00227,C0056,2023-04-06,returned,518.0
O00228,C0056,2023-04-27,completed,55.0
O00229,C0056,2023-07-07,completed,1063.75
O00230,C0056,2023-10-02,completed,220.0
O00231,C0056,2023-12-03,returned,630.0
O00232,C0056,2023-12-17,completed,147.0
O00233,C0056,2024-01-02,cancelled,290.0
O00234,C0056,2024-01-17,cancelled,165.0
O00235,C0056,2024-03-24,completed,502.0
O00236,C0056,2024-09-28,completed,609.0
O00237,C0057,2023-10-21,completed,745.0
O00238,C0057,2024-03-16,completed,55.0
O00239,C0057,2024-04-10,cancelled,267.0
O00240,C0057,2024-12-12,cancelled,644.0
O00241,C0058,2023-04-10,completed,225.0
O00242,C0058,2023-04-27,completed,620.0
O00243,C0058,2023-12-06,returned,168.0
O00244,C0058,2024-01-08,completed,260.0
O00245,C0058,2024-04-08,completed,785.0
O00246,C0058,2024-04-10,completed,630.0
O00247,C0058,2024-04-29,cancelled,849.0
O00248,C0058,2024-07-27,completed,189.75
O00249,C0058,2024-09-06,cancelled,495.0
O00250,C0058,2024-09-26,returned,2218.0
O00251,C0058,2024-11-03,cancelled,1297.8
O00252,C0059,2023-05-16,cancelled,585.0
O00253,C0059,2023-07-02,returned,1608.85
O00254,C0059,2023-10-25,completed,60.0
O00255,C0059,2023-12-20,completed,126.0
O00256,C0059,2024-10-27,completed,2520.0
O00257,C0059,2024-11-19,cancelled,217.0
O00258,C0059,2024-12-04,completed,364.0
O00259,C0059,2024-12-28,returned,700.0
O00260,C0060,2023-10-21,returned,505.0
O00261,C0060,2023-10-24,cancelled,150.0
O00262,C0060,2024-02-01,completed,2338.0
O00263,C0060,2024-10-16,completed,90.0
O00264,C0060,2024-11-28,cancelled,504.0
O00265,C0060,2024-12-13,cancelled,791.0
O00266,C0061,2024-10-20,completed,558.0
O00267,C0062,2023-01-10,returned,480.0
O00268,C0062,2023-04-28,completed,2992.0
O00269,C0062,2023-12-21,completed,364.0
O00270,C0062,2024-05-01,cancelled,635.0
O00271,C0062,2024-06-27,cancelled,69.0
O00272,C0062,2024-07-28,completed,410.55
O00273,C0062,2024-10-26,completed,1235.0
O00274,C0062,2024-11-15,completed,126.0
O00275,C0063,2023-01-18,completed,180.0
O00276,C0063,2023-09-22,completed,35.0
O00277,C0063,2023-11-20,completed,399.0
O00278,C0063,2024-02-02,completed,190.0
O00279,C0063,2024-02-03,returned,2730.0
O00280,C0063,2024-02-19,completed,675.0
O00281,C0063,2024-02-22,completed,120.0
O00282,C0063,2024-03-19,completed,450.0
O00283,C0063,2024-04-06,cancelled,435.0
O00284,C0063,2024-10-07,cancelled,90.0
O00285,C0063,2024-11-20,completed,189.0
O00286,C0064,2023-09-03,completed,980.0
O00287,C0064,2023-09-06,completed,685.0
O00288,C0064,2023-09-09,completed,583.0
O00289,C0064,2023-10-05,completed,270.0
O00290,C0064,2023-10-07,cancelled,490.0
O00291,C0064,2023-11-05,completed,373.8
O00292,C0064,2024-01-11,completed,3015.0
O00293,C0064,2024-01-15,completed,660.0
O00294,C0064,2024-02-22,returned,657.0
O00295,C0064,2024-03-09,cancelled,390.0
O00296,C0064,2024-04-13,completed,2815.0
O00297,C0064,2024-04-19,completed,589.0
O00298,C0064,2024-05-30,completed,529.0
O00299,C0064,2024-06-26,returned,678.5
O00300,C0064,2024-11-06,cancelled,842.8
O00301,C0065,2023-09-20,completed,340.0
O00302,C0065,2023-11-02,returned,168.0
O00303,C0065,2023-12-04,cancelled,1426.6
O00304,C0065,2023-12-12,completed,630.0
O00305,C0065,2024-01-11,cancelled,267.0
O00306,C0065,2024-02-05,completed,135.0
O00307,C0065,2024-02-24,returned,689.0
O00308,C0065,2024-04-16,completed,295.0
O00309,C0065,2024-07-08,cancelled,103.5
O00310,C0065,2024-12-11,completed,5040.0
O00311,C0066,2023-06-03,completed,437.0
O00312,C0066,2024-09-12,cancelled,450.0
O00313,C0067,2024-11-25,returned,973.0
O00314,C0068,2024-03-11,completed,868.0
O00315,C0069,2023-07-11,completed,1058.0
O00316,C0069,2023-11-01,completed,690.2
O00317,C0069,2024-12-17,completed,238.0
O00318,C0069,2024-12-20,completed,4356.8
O00319,C0070,2023-04-13,returned,280.0
O00320,C0070,2023-06-15,completed,149.5
O00321,C0070,2023-08-08,cancelled,1190.25
O00322,C0070,2024-06-04,cancelled,437.0
O00323,C0071,2023-02-04,completed,55.0
O00324,C0071,2023-02-06,completed,520.0
O00325,C0071,2023-06-23,cancelled,276.0
O00326,C0071,2023-07-19,cancelled,258.75
O00327,C0071,2023-08-26,completed,598.0
O00328,C0071,2024-01-04,cancelled,225.0
O00329,C0071,2024-06-06,returned,253.0
O00330,C0071,2024-06-12,completed,500.25
O00331,C0071,2024-09-05,cancelled,70.0
O00332,C0071,2024-09-21,completed,380.0
O00333,C0071,2024-11-21,returned,1155.0
O00334,C0071,2024-12-16,returned,336.0
O00335,C0072,2023-07-11,returned,414.0
O00336,C0072,2023-08-09,completed,1106.3
O00337,C0072,2023-08-22,cancelled,2314.95
O00338,C0072,2023-09-28,cancelled,220.0
O00339,C0072,2024-04-20,completed,285.0
O00340,C0073,2023-09-23,completed,470.0
O00341,C0073,2024-01-06,returned,350.0
O00342,C0073,2024-09-19,completed,2827.0
O00343,C0074,2023-01-10,returned,2258.0
O00344,C0074,2023-05-30,cancelled,165.0
O00345,C0074,2023-06-03,completed,103.5
O00346,C0074,2023-06-30,returned,195.5
O00347,C0074,2023-07-20,completed,339.25
O00348,C0074,2024-01-26,completed,567.0
O00349,C0074,2024-04-29,cancelled,395.0
O00350,C0075,2023-06-30,completed,2579.45
O00351,C0075,2024-05-05,cancelled,613.0
O00352,C0075,2024-07-11,completed,1037.3
O00353,C0075,2024-12-29,completed,3900.4
O00354,C0076,2024-02-05,completed,2157.0
O00355,C0077,2023-03-28,completed,1024.0
O00356,C0077,2023-08-23,completed,497.95
O00357,C0077,2023-11-13,returned,280.0
O00358,C0077,2024-02-04,cancelled,300.0
O00359,C0077,2024-11-01,completed,854.0
O00360,C0078,2023-01-01,completed,575.0
O00361,C0078,2023-05-20,cancelled,170.0
O00362,C0078,2023-12-19,cancelled,329.0
O00363,C0078,2024-06-19,completed,707.25
O00364,C0079,2023-07-19,completed,2067.7
O00365,C0079,2024-03-05,cancelled,1545.0
O00366,C0080,2023-05-28,completed,560.0
O00367,C0080,2023-08-20,completed,102.35
O00368,C0080,2023-10-21,completed,560.0
O00369,C0080,2024-01-13,completed,165.0
O00370,C0080,2024-08-10,completed,4651.75
O00371,C0081,2024-02-14,completed,630.0
O00372,C0081,2024-05-03,completed,500.0
O00373,C0082,2023-01-16,completed,165.0
O00374,C0082,2023-05-03,returned,300.0
O00375,C0082,2023-06-21,completed,477.25
O00376,C0082,2023-10-10,completed,899.0
O00377,C0082,2023-11-29,completed,637.0
O00378,C0082,2024-02-10,completed,865.0
O00379,C0082,2024-08-21,returned,92.0
O00380,C0083,2023-07-01,completed,5002.5
O00381,C0083,2023-10-03,completed,180.0
O00382,C0083,2024-10-16,cancelled,840.0
O00383,C0083,2024-11-09,completed,784.0
O00384,C0084,2023-02-02,returned,420.0
O00385,C0084,2023-02-02,completed,918.0
O00386,C0084,2023-04-12,completed,130.0
O00387,C0084,2023-04-20,cancelled,70.0
O00388,C0084,2023-07-02,completed,362.25
O00389,C0084,2023-07-16,cancelled,822.25
O00390,C0084,2023-07-26,returned,414.0
O00391,C0084,2024-05-12,completed,2208.0
O00392,C0084,2024-08-07,completed,580.75
O00393,C0084,2024-10-19,returned,435.0
O00394,C0085,2023-01-01,completed,315.0
O00395,C0085,2024-02-11,completed,2667.0
O00396,C0086,2023-04-07,completed,1229.0
O00397,C0086,2023-06-08,completed,1075.25
O00398,C0086,2024-08-07,cancelled,207.0
O00399,C0086,2024-08-08,completed,707.25
O00400,C0087,2024-11-16,returned,133.0
O00401,C0088,2023-12-01,completed,518.0
O00402,C0088,2024-05-29,cancelled,90.0
O00403,C0089,2023-06-11,returned,92.0
O00404,C0089,2024-02-26,completed,3047.0
O00405,C0090,2024-07-28,cancelled,276.0
O00406,C0091,2023-04-26,returned,315.0
O00407,C0092,2023-05-30,returned,130.0
O00408,C0092,2024-09-30,completed,300.0
O00409,C0093,2023-01-15,completed,3730.0
O00410,C0093,2023-12-18,cancelled,651.0
O00411,C0094,2023-06-01,completed,373.75
O00412,C0094,2023-10-09,completed,340.0
O00413,C0094,2024-01-04,returned,175.0
O00414,C0094,2024-10-08,completed,543.0
O00415,C0095,2023-01-19,completed,405.0
O00416,C0095,2023-06-10,completed,1845.75
O00417,C0095,2023-11-09,returned,861.0
O00418,C0095,2023-12-08,completed,875.0
O00419,C0095,2023-12-22,completed,105.0
O00420,C0095,2024-02-07,completed,295.0
O00421,C0095,2024-05-16,cancelled,300.0
O00422,C0095,2024-12-01,completed,6126.4
O00423,C0096,2023-04-20,completed,3710.0
O00424,C0096,2023-06-05,cancelled,258.75
O00425,C0096,2023-07-12,completed,2503.55
O00426,C0096,2023-10-08,completed,1290.0
O00427,C0097,2023-08-26,completed,1058.0
O00428,C0097,2023-12-18,cancelled,112.0
O00429,C0097,2024-01-15,returned,89.0
O00430,C0097,2024-09-11,cancelled,1605.0
O00431,C0097,2024-11-02,returned,763.0
O00432,C0098,2024-04-19,returned,35.0
O00433,C0098,2024-10-23,completed,235.0
O00434,C0099,2023-04-03,completed,2732.0
O00435,C0099,2023-07-26,returned,638.25
O00436,C0099,2023-09-14,completed,390.0
O00437,C0099,2024-04-10,completed,110.0
O00438,C0100,2023-11-04,completed,182.0
O00439,C0100,2024-10-15,completed,1530.0
O00440,C0101,2024-10-13,returned,960.0
O00441,C0101,2024-11-05,completed,1342.6
O00442,C0102,2023-02-20,cancelled,125.0
O00443,C0102,2023-03-31,completed,700.0
O00444,C0102,2023-04-22,completed,1219.0
O00445,C0102,2023-06-15,cancelled,3101.55
O00446,C0102,2023-07-02,cancelled,379.5
O00447,C0102,2023-10-19,cancelled,672.0
O00448,C0102,2023-12-06,completed,700.0
O00449,C0102,2024-03-02,completed,1798.0
O00450,C0102,2024-09-17,completed,185.0
O00451,C0102,2024-11-07,completed,5264.0
O00452,C0102,2024-11-19,completed,756.0
O00453,C0102,2024-12-09,cancelled,3336.2
O00454,C0103,2024-01-21,completed,585.0
O00455,C0104,2023-05-30,cancelled,2480.0
O00456,C0104,2024-02-03,completed,2685.0
O00457,C0104,2024-03-11,cancelled,175.0
O00458,C0104,2024-05-30,completed,575.0
O00459,C0104,2024-07-19,completed,143.75
O00460,C0104,2024-09-17,completed,85.0
O00461,C0104,2024-10-03,returned,525.0
O00462,C0105,2023-04-11,cancelled,2535.0
O00463,C0106,2023-02-15,cancelled,75.0
O00464,C0106,2023-11-15,completed,2016.0
O00465,C0107,2023-06-21,completed,103.5
O00466,C0107,2023-06-24,cancelled,425.5
O00467,C0107,2023-07-26,completed,373.75
O00468,C0107,2023-08-04,completed,63.25
O00469,C0107,2023-11-30,returned,814.8
O00470,C0107,2023-12-01,completed,567.0
O00471,C0107,2024-01-16,cancelled,495.0
O00472,C0107,2024-05-20,completed,770.0
O00473,C0108,2024-11-12,completed,3598.0
O00474,C0108,2024-12-17,returned,448.0
O00475,C0109,2023-03-14,returned,260.0
O00476,C0109,2023-11-06,completed,455.0
O00477,C0109,2023-11-30,cancelled,441.0
O00478,C0109,2024-02-15,cancelled,1739.0
O00479,C0109,2024-04-17,completed,105.0
O00480,C0109,2024-06-29,returned,851.0
O00481,C0109,2024-07-23,completed,333.5
O00482,C0109,2024-08-27,cancelled,937.25
O00483,C0109,2024-10-27,completed,270.0
O00484,C0110,2023-03-05,completed,3600.0
O00485,C0110,2023-10-29,completed,89.0
O00486,C0111,2023-11-22,returned,700.0
O00487,C0111,2024-02-08,returned,184.0
O00488,C0111,2024-10-02,completed,60.0
O00489,C0111,2024-12-29,returned,3021.2
O00490,C0112,2024-04-10,returned,3745.0
O00491,C0112,2024-06-05,cancelled,408.25
O00492,C0113,2023-03-23,cancelled,450.0
O00493,C0113,2023-05-26,completed,480.0
O00494,C0113,2024-05-08,cancelled,265.0
O00495,C0113,2024-12-08,completed,476.0
O00496,C0114,2023-01-28,completed,6386.0
O00497,C0114,2023-03-20,completed,525.0
O00498,C0114,2023-03-26,completed,310.0
O00499,C0114,2023-05-10,returned,95.0
O00500,C0114,2023-05-16,cancelled,455.0
O00501,C0114,2023-09-16,returned,740.0
O00502,C0114,2023-10-12,returned,5576.0
O00503,C0114,2023-10-21,completed,450.0
O00504,C0114,2024-05-11,completed,885.0
O00505,C0114,2024-06-01,returned,626.75
O00506,C0114,2024-09-22,completed,199.0
O00507,C0114,2024-10-01,cancelled,70.0
O00508,C0115,2023-02-04,completed,450.0
O00509,C0115,2023-07-17,completed,40.25
O00510,C0116,2024-01-20,cancelled,330.0
O00511,C0117,2024-10-16,returned,310.0
O00512,C0118,2023-04-25,completed,370.0
O00513,C0118,2023-08-24,completed,448.5
O00514,C0118,2023-11-14,completed,1680.0
O00515,C0118,2023-11-21,cancelled,5670.0
O00516,C0118,2024-01-29,completed,815.0
O00517,C0118,2024-03-20,returned,579.0
O00518,C0118,2024-03-26,completed,585.0
O00519,C0118,2024-05-19,cancelled,655.0
O00520,C0119,2023-03-28,completed,135.0
O00521,C0119,2023-04-20,cancelled,780.0
O00522,C0119,2023-07-14,completed,470.35
O00523,C0119,2023-07-15,completed,3688.05
O00524,C0119,2023-11-03,cancelled,2044.0
O00525,C0119,2024-01-03,completed,580.0
O00526,C0119,2024-02-04,completed,85.0
O00527,C0119,2024-03-24,cancelled,65.0
O00528,C0119,2024-05-13,completed,810.0
O00529,C0119,2024-10-07,returned,1009.0
O00530,C0119,2024-10-09,cancelled,1049.0
O00531,C0119,2024-11-07,completed,357.0
O00532,C0119,2024-12-06,cancelled,2338.0
O00533,C0119,2024-12-13,cancelled,518.0
O00534,C0120,2023-09-02,completed,270.0
O00535,C0120,2024-02-26,returned,120.0
O00536,C0121,2023-05-01,completed,673.0
O00537,C0121,2023-07-16,completed,2412.7
O00538,C0121,2023-08-30,completed,552.0
O00539,C0121,2024-06-26,completed,212.75
O00540,C0122,2023-06-11,completed,856.75
O00541,C0123,2023-04-23,completed,335.0
O00542,C0123,2023-08-24,completed,195.5
O00543,C0124,2024-01-10,cancelled,335.0
O00544,C0125,2023-04-24,completed,525.0
O00545,C0125,2023-05-20,cancelled,328.0
O00546,C0125,2023-06-25,cancelled,361.1
O00547,C0125,2023-10-15,returned,400.0
O00548,C0125,2023-12-18,completed,2576.0
O00549,C0125,2024-03-04,returned,85.0
O00550,C0125,2024-04-14,completed,70.0
O00551,C0125,2024-04-21,completed,195.0
O00552,C0126,2024-12-21,returned,154.0
O00553,C0127,2023-06-07,completed,419.75
O00554,C0127,2023-07-09,completed,552.0
O00555,C0127,2023-08-17,cancelled,3187.8
O00556,C0127,2023-12-12,returned,336.0
O00557,C0127,2024-01-04,completed,630.0
O00558,C0127,2024-03-08,returned,255.0
O00559,C0127,2024-04-04,cancelled,265.0
O00560,C0127,2024-05-11,returned,150.0
O00561,C0127,2024-06-19,completed,2067.7
O00562,C0127,2024-07-04,completed,686.55
O00563,C0127,2024-08-15,completed,506.0
O00564,C0127,2024-09-23,returned,95.0
O00565,C0127,2024-11-30,completed,361.2
O00566,C0127,2024-12-12,cancelled,987.0
O00567,C0128,2023-05-16,completed,220.0
O00568,C0128,2023-11-08,completed,434.0
O00569,C0128,2024-08-03,completed,172.5
O00570,C0129,2023-05-10,completed,2525.0
O00571,C0129,2023-11-21,completed,805.0
O00572,C0129,2024-03-27,completed,2505.0
O00573,C0129,2024-08-11,completed,925.75
O00574,C0130,2023-12-13,completed,4573.8
O00575,C0130,2024-12-06,completed,756.0
O00576,C0131,2023-01-24,completed,650.0
O00577,C0131,2023-03-27,returned,2735.0
O00578,C0131,2023-07-20,completed,276.0
O00579,C0131,2023-08-16,completed,339.25
O00580,C0131,2023-10-12,returned,179.0
O00581,C0131,2024-04-01,completed,435.0
O00582,C0131,2024-07-05,returned,149.5
O00583,C0131,2024-11-24,returned,837.2
O00584,C0132,2023-06-07,completed,465.75
O00585,C0133,2023-08-09,returned,2898.0
O00586,C0133,2024-04-09,cancelled,387.0
O00587,C0134,2024-06-05,cancelled,102.35
O00588,C0135,2023-05-13,completed,405.0
O00589,C0135,2023-05-18,completed,248.0
O00590,C0135,2023-08-10,completed,92.0
O00591,C0135,2023-09-08,completed,1798.0
O00592,C0135,2023-12-29,completed,448.0
O00593,C0135,2024-01-15,cancelled,55.0
O00594,C0135,2024-01-17,completed,610.0
O00595,C0135,2024-03-23,completed,585.0
O00596,C0135,2024-03-24,completed,1235.0
O00597,C0135,2024-03-28,completed,215.0
O00598,C0135,2024-05-27,completed,340.0
O00599,C0135,2024-07-09,completed,224.25
O00600,C0135,2024-09-17,cancelled,170.0
O00601,C0136,2023-04-09,completed,450.0
O00602,C0136,2023-05-07,completed,612.0
O00603,C0136,2023-07-09,cancelled,517.5
O00604,C0136,2023-07-24,completed,230.0
O00605,C0136,2023-07-30,completed,448.5
O00606,C0136,2024-08-24,returned,92.0
O00607,C0136,2024-09-08,completed,375.0
O00608,C0136,2024-11-17,completed,623.0
O00609,C0137,2023-10-02,completed,1565.0
O00610,C0137,2023-12-16,cancelled,2517.2
O00611,C0137,2024-01-23,returned,35.0
O00612,C0137,2024-03-22,completed,275.0
O00613,C0137,2024-03-29,returned,475.0
O00614,C0137,2024-04-20,returned,2118.0
O00615,C0137,2024-07-04,completed,2800.25
O00616,C0137,2024-07-27,completed,166.75
O00617,C0137,2024-08-17,cancelled,414.0
O00618,C0137,2024-09-02,cancelled,715.0
O00619,C0137,2024-09-15,cancelled,55.0
O00620,C0137,2024-10-23,returned,110.0
O00621,C0137,2024-12-24,returned,5514.6
O00622,C0138,2023-05-01,completed,445.0
O00623,C0138,2023-06-25,cancelled,2067.7
O00624,C0138,2023-08-12,completed,414.0
O00625,C0138,2024-04-08,completed,525.0
O00626,C0138,2024-06-28,completed,310.5
O00627,C0138,2024-07-04,completed,86.25
O00628,C0138,2024-07-16,cancelled,4404.5
O00629,C0138,2024-07-19,completed,546.25
O00630,C0138,2024-08-04,completed,592.25
O00631,C0138,2024-09-07,completed,615.0
O00632,C0138,2024-09-22,completed,355.0
O00633,C0138,2024-09-30,cancelled,180.0
O00634,C0138,2024-10-07,completed,915.0
O00635,C0138,2024-10-10,cancelled,420.0
O00636,C0139,2024-08-13,returned,287.5
O00637,C0140,2024-08-02,completed,1292.6
O00638,C0140,2024-10-03,completed,723.0
O00639,C0141,2023-05-22,completed,405.0
O00640,C0141,2023-08-18,completed,540.5
O00641,C0141,2023-09-24,returned,150.0
O00642,C0141,2023-11-06,completed,1026.2
O00643,C0141,2023-12-21,completed,3999.8
O00644,C0141,2023-12-24,cancelled,1190.0
O00645,C0141,2023-12-31,returned,140.0
O00646,C0141,2024-06-12,completed,816.5
O00647,C0142,2024-03-09,returned,199.0
O00648,C0142,2024-07-12,returned,1794.0
O00649,C0143,2023-10-18,completed,560.0
O00650,C0144,2023-02-04,completed,459.0
O00651,C0144,2023-04-03,cancelled,225.0
O00652,C0144,2023-06-14,cancelled,4605.75
O00653,C0144,2023-08-04,returned,2863.5
O00654,C0144,2023-08-30,cancelled,1033.85
O00655,C0144,2023-09-19,cancelled,248.0
O00656,C0144,2023-10-08,returned,310.0
O00657,C0144,2023-11-01,completed,77.0
O00658,C0144,2023-11-05,returned,793.8
O00659,C0144,2023-11-21,completed,77.0
O00660,C0144,2024-02-21,completed,570.0
O00661,C0144,2024-03-25,completed,55.0
O00662,C0144,2024-10-08,cancelled,3600.0
O00663,C0144,2024-10-21,returned,533.0
O00664,C0145,2023-08-09,completed,63.25
O00665,C0145,2023-08-18,completed,632.5
O00666,C0145,2024-09-15,returned,1200.0
O00667,C0146,2023-08-06,completed,172.5
O00668,C0146,2024-01-28,completed,870.0
O00669,C0146,2024-03-09,completed,360.0
O00670,C0146,2024-09-03,returned,1169.0
O00671,C0146,2024-12-04,completed,476.0
O00672,C0146,2024-12-26,completed,3147.2
O00673,C0146,2024-12-31,completed,1229.2
O00674,C0147,2023-02-24,completed,45.0
O00675,C0147,2023-06-04,returned,2314.95
O00676,C0147,2023-07-13,completed,1212.1
O00677,C0147,2024-03-26,completed,283.0
O00678,C0147,2024-07-23,cancelled,500.25
O00679,C0147,2024-10-13,completed,1010.0
O00680,C0147,2024-11-04,completed,2259.6
O00681,C0148,2023-05-27,cancelled,340.0
O00682,C0148,2023-07-05,completed,966.0
O00683,C0148,2024-02-21,completed,295.0
O00684,C0148,2024-04-23,returned,2468.0
O00685,C0149,2024-05-22,completed,567.0
O00686,C0150,2023-07-10,returned,621.0
O00687,C0150,2024-01-13,returned,190.0
O00688,C0150,2024-09-20,completed,390.0
O00689,C0151,2023-02-16,cancelled,450.0
O00690,C0151,2023-03-20,cancelled,2697.0
O00691,C0151,2023-04-21,returned,154.0
O00692,C0151,2024-06-09,returned,977.5
O00693,C0152,2023-09-04,completed,105.0
O00694,C0153,2024-03-20,cancelled,1200.0
O00695,C0154,2023-11-07,cancelled,175.0
O00696,C0154,2024-02-19,completed,4499.0
O00697,C0154,2024-04-16,completed,135.0
O00698,C0154,2024-05-13,completed,265.0
O00699,C0154,2024-09-08,completed,1074.0
O00700,C0154,2024-11-04,returned,863.8
O00701,C0154,2024-12-09,completed,252.0
O00702,C0155,2023-08-20,returned,517.5
O00703,C0155,2024-05-06,completed,110.0
O00704,C0156,2023-07-12,cancelled,431.25
O00705,C0156,2023-10-18,returned,248.0
O00706,C0156,2023-12-03,completed,1108.8
O00707,C0156,2024-01-03,completed,180.0
O00708,C0156,2024-02-13,returned,430.0
O00709,C0156,2024-04-10,completed,219.0
O00710,C0156,2024-06-07,completed,2441.45
O00711,C0156,2024-06-10,completed,307.05
O00712,C0156,2024-09-09,completed,260.0
O00713,C0156,2024-09-11,returned,165.0
O00714,C0156,2024-09-22,cancelled,65.0
O00715,C0156,2024-10-13,cancelled,45.0
O00716,C0156,2024-10-17,completed,630.0
O00717,C0156,2024-11-08,completed,189.0
O00718,C0157,2023-06-20,completed,500.25
O00719,C0157,2023-12-06,completed,3476.2
O00720,C0157,2024-02-20,completed,3539.0
O00721,C0157,2024-04-02,completed,690.0
O00722,C0157,2024-05-28,cancelled,448.0
O00723,C0157,2024-10-11,completed,3830.0
O00724,C0157,2024-11-12,returned,798.0
O00725,C0158,2023-11-19,completed,112.0
O00726,C0158,2024-03-04,completed,395.0
O00727,C0159,2023-08-07,completed,931.5
O00728,C0159,2023-08-20,cancelled,586.5
O00729,C0159,2023-10-11,completed,560.0
O00730,C0159,2023-10-24,returned,650.0
O00731,C0159,2024-02-22,cancelled,665.0
O00732,C0159,2024-03-11,returned,2927.0
O00733,C0159,2024-04-26,cancelled,70.0
O00734,C0159,2024-06-16,returned,120.75
O00735,C0159,2024-07-05,completed,207.0
O00736,C0159,2024-08-25,completed,172.5
O00737,C0159,2024-11-18,completed,3021.2
O00738,C0159,2024-11-20,completed,6122.2
O00739,C0160,2023-10-10,cancelled,670.0
O00740,C0161,2024-05-01,completed,475.0
O00741,C0161,2024-09-12,returned,807.0
O00742,C0162,2024-04-08,cancelled,110.0
O00743,C0162,2024-06-04,completed,307.05
O00744,C0163,2023-05-31,cancelled,135.0
O00745,C0163,2023-12-07,cancelled,231.0
O00746,C0163,2024-08-21,completed,3001.5
O00747,C0163,2024-11-15,cancelled,1162.0
O00748,C0164,2023-04-04,completed,80.0
O00749,C0164,2023-09-21,completed,540.0
O00750,C0164,2023-11-21,completed,252.0
O00751,C0164,2024-01-27,completed,70.0
O00752,C0165,2023-02-23,completed,705.0
O00753,C0165,2023-05-04,completed,4170.0
O00754,C0165,2023-07-27,completed,345.0
O00755,C0165,2023-09-03,cancelled,754.0
O00756,C0165,2023-09-22,completed,565.0
O00757,C0165,2023-11-28,completed,364.0
O00758,C0165,2024-01-20,completed,547.0
O00759,C0165,2024-02-27,cancelled,410.0
O00760,C0165,2024-08-23,completed,143.75
O00761,C0165,2024-09-03,cancelled,497.0
O00762,C0166,2023-08-04,returned,4318.25
O00763,C0166,2023-12-16,completed,98.0
O00764,C0167,2024-04-16,completed,120.0
O00765,C0167,2024-09-12,returned,150.0
O00766,C0168,2023-06-07,completed,4548.25
O00767,C0168,2023-11-27,completed,273.0
O00768,C0169,2023-08-28,returned,1627.25
O00769,C0170,2023-04-24,cancelled,240.0
O00770,C0170,2023-10-12,completed,270.0
O00771,C0171,2023-05-05,completed,2151.0
O00772,C0171,2023-05-26,completed,190.0
O00773,C0171,2023-06-25,cancelled,757.85
O00774,C0171,2023-11-15,returned,182.0
O00775,C0171,2024-01-16,completed,630.0
O00776,C0171,2024-02-07,cancelled,468.0
O00777,C0171,2024-07-13,cancelled,465.75
O00778,C0171,2024-08-09,completed,4404.5
O00779,C0171,2024-10-19,completed,260.0
O00780,C0171,2024-10-29,completed,1154.0
O00781,C0171,2024-11-26,completed,828.8
O00782,C0172,2023-04-14,completed,170.0
O00783,C0172,2024-09-26,cancelled,3897.0
O00784,C0172,2024-09-27,cancelled,2957.0
O00785,C0173,2023-07-10,completed,345.0
O00786,C0173,2023-09-06,cancelled,420.0
O00787,C0173,2024-03-31,completed,380.0
O00788,C0173,2024-09-27,completed,309.0
O00789,C0174,2023-03-12,returned,560.0
O00790,C0174,2023-07-13,completed,97.75
O00791,C0174,2023-07-26,returned,517.5
O00792,C0174,2023-12-16,returned,602.0
O00793,C0174,2024-10-17,returned,199.0
O00794,C0175,2023-04-28,completed,55.0
O00795,C0175,2023-05-26,completed,328.0
O00796,C0175,2023-07-19,completed,1482.35
O00797,C0175,2023-10-25,completed,478.0
O00798,C0175,2024-03-26,completed,1678.0
O00799,C0175,2024-07-22,completed,787.75
O00800,C0175,2024-08-22,completed,874.0
O00801,C0175,2024-10-08,cancelled,580.0
O00802,C0176,2024-12-08,returned,966.0
O00803,C0176,2024-12-29,returned,553.0
O00804,C0177,2023-08-12,returned,281.75
O00805,C0177,2023-11-10,returned,658.0
O00806,C0178,2023-10-07,returned,45.0
O00807,C0178,2023-11-21,completed,105.0
O00808,C0178,2024-05-24,completed,65.0
O00809,C0179,2023-02-09,cancelled,525.0
O00810,C0179,2023-07-15,completed,276.0
O00811,C0179,2023-07-21,completed,4703.5
O00812,C0179,2023-07-25,completed,195.5
O00813,C0179,2023-09-14,cancelled,875.0
O00814,C0179,2023-10-09,completed,445.0
O00815,C0179,2023-11-06,completed,1101.8
O00816,C0179,2023-12-04,completed,1988.0
O00817,C0179,2023-12-08,cancelled,413.0
O00818,C0179,2024-07-13,cancelled,592.25
O00819,C0179,2024-11-22,returned,63.0
O00820,C0179,2024-11-30,returned,441.0
O00821,C0179,2024-12-23,cancelled,126.0
O00822,C0180,2023-05-13,completed,3130.0
O00823,C0180,2024-03-04,completed,270.0
O00824,C0180,2024-05-04,completed,660.0
O00825,C0180,2024-07-03,cancelled,80.5
O00826,C0181,2023-12-22,completed,1050.0
O00827,C0181,2024-12-18,returned,357.0
O00828,C0182,2024-01-10,cancelled,455.0
O00829,C0183,2023-08-16,completed,833.75
O00830,C0183,2023-09-14,returned,1530.0
O00831,C0183,2024-10-27,completed,730.0
O00832,C0184,2023-09-25,cancelled,2610.0
O00833,C0184,2023-10-20,completed,705.0
O00834,C0184,2023-12-13,completed,672.0
O00835,C0184,2024-04-11,completed,355.0
O00836,C0185,2023-04-09,completed,55.0
O00837,C0185,2023-06-21,completed,241.5
O00838,C0185,2023-08-14,returned,138.0
O00839,C0185,2024-11-11,completed,721.0
O00840,C0186,2023-02-14,cancelled,660.0
O00841,C0186,2023-03-10,returned,330.0
O00842,C0186,2023-04-15,returned,225.0
O00843,C0186,2023-08-12,cancelled,649.75
O00844,C0186,2023-11-05,completed,245.0
O00845,C0186,2024-01-13,completed,450.0
O00846,C0186,2024-02-25,cancelled,860.0
O00847,C0186,2024-05-26,completed,135.0
O00848,C0186,2024-09-05,completed,610.0
O00849,C0186,2024-09-30,completed,335.0
O00850,C0186,2024-10-27,completed,2742.0
O00851,C0186,2024-12-30,completed,154.0
O00852,C0187,2023-06-30,completed,258.75
O00853,C0187,2023-09-08,returned,470.0
O00854,C0187,2023-09-12,returned,240.0
O00855,C0187,2024-03-10,cancelled,170.0
O00856,C0187,2024-09-12,completed,475.0
O00857,C0188,2024-05-16,returned,580.0
O00858,C0188,2024-06-16,completed,1058.0
O00859,C0188,2024-09-13,returned,295.0
O00860,C0188,2024-09-22,returned,260.0
O00861,C0189,2024-12-15,completed,1867.6
O00862,C0190,2023-04-30,completed,460.0
O00863,C0191,2023-11-12,returned,3775.8
O00864,C0191,2024-08-23,completed,431.25
O00865,C0192,2023-01-02,returned,360.0
O00866,C0192,2023-03-13,completed,85.0
O00867,C0192,2023-04-10,completed,345.0
O00868,C0192,2024-05-18,returned,328.0
O00869,C0192,2024-12-14,completed,4158.0
O00870,C0193,2023-05-05,completed,345.0
O00871,C0193,2023-06-09,completed,494.5
O00872,C0193,2023-08-05,returned,5861.55
O00873,C0193,2023-11-30,completed,753.2
O00874,C0193,2024-05-16,completed,110.0
O00875,C0193,2024-10-11,completed,392.0
O00876,C0193,2024-10-13,cancelled,795.0
O00877,C0193,2024-12-14,completed,4265.8
O00878,C0194,2023-11-05,cancelled,1524.6
O00879,C0194,2024-11-20,completed,231.0
O00880,C0195,2023-08-14,completed,368.0
O00881,C0195,2023-09-21,completed,510.0
O00882,C0195,2023-10-15,completed,425.0
O00883,C0195,2024-01-28,completed,3147.0
O00884,C0195,2024-05-02,completed,40.0
O00885,C0195,2024-11-12,completed,3892.0
O00886,C0196,2023-05-10,cancelled,4198.0
O00887,C0196,2024-06-16,completed,657.8
O00888,C0196,2024-09-08,completed,3222.0
O00889,C0196,2024-11-10,completed,931.0
O00890,C0197,2023-07-03,returned,845.25
O00891,C0198,2024-02-05,completed,460.0
O00892,C0198,2024-02-05,completed,490.0
O00893,C0199,2023-05-29,completed,240.0
O00894,C0199,2023-10-26,completed,35.0
O00895,C0199,2024-03-28,returned,340.0
O00896,C0199,2024-05-09,cancelled,260.0
O00897,C0199,2024-12-13,completed,364.0
O00898,C0200,2024-04-19,returned,1345.0
O00899,C0201,2023-06-29,cancelled,678.5
O00900,C0202,2023-06-02,cancelled,270.25
O00901,C0202,2024-02-25,cancelled,822.0
O00902,C0203,2023-01-06,completed,40.0
O00903,C0203,2023-02-10,completed,220.0
O00904,C0203,2023-05-06,cancelled,110.0
O00905,C0203,2023-05-12,completed,165.0
O00906,C0203,2023-07-31,completed,3516.7
O00907,C0203,2023-11-18,completed,84.0
O00908,C0203,2024-04-02,completed,90.0
O00909,C0203,2024-07-22,completed,310.5
O00910,C0203,2024-08-11,completed,874.0
O00911,C0203,2024-10-30,returned,420.0
O00912,C0204,2024-01-17,cancelled,200.0
O00913,C0205,2023-03-21,completed,120.0
O00914,C0206,2023-10-03,completed,134.0
O00915,C0206,2024-06-09,returned,1097.1
O00916,C0206,2024-07-09,cancelled,977.5
O00917,C0207,2023-06-08,completed,4654.05
O00918,C0207,2023-07-30,returned,701.5
O00919,C0207,2023-10-11,cancelled,435.0
O00920,C0207,2023-10-22,cancelled,538.0
O00921,C0207,2024-03-10,completed,60.0
O00922,C0207,2024-05-22,completed,45.0
O00923,C0208,2023-05-10,cancelled,450.0
O00924,C0208,2024-07-07,completed,4499.95
O00925,C0209,2023-02-13,completed,567.0
O00926,C0209,2023-06-22,completed,707.25
O00927,C0209,2024-04-04,completed,4170.0
O00928,C0209,2024-06-20,completed,534.75
O00929,C0209,2024-09-13,returned,225.0
O00930,C0209,2024-09-15,returned,2962.0
O00931,C0209,2024-11-21,completed,420.0
O00932,C0209,2024-12-01,completed,56.0
O00933,C0210,2023-06-13,returned,2107.95
O00934,C0210,2023-09-25,completed,45.0
O00935,C0210,2023-11-12,completed,3871.0
O00936,C0210,2023-12-09,returned,1288.0
O00937,C0210,2024-01-23,returned,899.0
O00938,C0210,2024-02-17,completed,3675.0
O00939,C0210,2024-03-07,completed,2690.0
O00940,C0210,2024-04-07,returned,120.0
O00941,C0210,2024-06-13,cancelled,132.25
O00942,C0210,2024-06-23,completed,327.75
O00943,C0210,2024-07-14,completed,462.3
O00944,C0210,2024-08-17,completed,2130.95
O00945,C0210,2024-08-28,completed,3412.05
O00946,C0210,2024-09-29,completed,480.0
O00947,C0210,2024-12-06,completed,4034.8
O00948,C0211,2023-02-11,completed,120.0
O00949,C0212,2023-04-14,completed,3940.0
O00950,C0212,2023-07-09,completed,350.75
O00951,C0212,2023-09-16,completed,240.0
O00952,C0212,2024-03-17,cancelled,450.0
O00953,C0212,2024-05-18,completed,425.0
O00954,C0212,2024-09-13,cancelled,710.0
O00955,C0213,2023-03-11,cancelled,90.0
O00956,C0213,2023-05-01,completed,635.0
O00957,C0213,2023-09-16,returned,572.0
O00958,C0213,2023-12-22,returned,5271.0
O00959,C0213,2024-01-10,cancelled,938.0
O00960,C0213,2024-03-05,completed,125.0
O00961,C0213,2024-03-22,completed,445.0
O00962,C0213,2024-04-04,cancelled,2400.0
O00963,C0213,2024-05-09,cancelled,523.0
O00964,C0213,2024-06-20,returned,874.0
O00965,C0213,2024-07-17,completed,4554.0
O00966,C0213,2024-07-27,completed,580.75
O00967,C0213,2024-10-06,completed,220.0
O00968,C0213,2024-12-29,returned,203.0
O00969,C0214,2023-08-30,cancelled,1115.5
O00970,C0214,2023-09-08,completed,1798.0
O00971,C0214,2023-09-12,completed,565.0
O00972,C0215,2023-06-21,completed,828.0
O00973,C0215,2023-07-22,completed,63.25
O00974,C0216,2023-03-29,completed,190.0
O00975,C0216,2024-12-25,completed,1078.0
O00976,C0217,2023-05-17,completed,90.0
O00977,C0217,2023-08-29,completed,566.95
O00978,C0217,2023-08-29,completed,2286.2
O00979,C0217,2023-10-08,completed,75.0
O00980,C0217,2024-03-14,completed,165.0
O00981,C0217,2024-07-14,returned,419.75
O00982,C0217,2024-10-20,completed,240.0
O00983,C0217,2024-11-23,completed,770.0
O00984,C0218,2023-03-10,completed,180.0
O00985,C0218,2023-04-26,completed,645.0
O00986,C0218,2023-10-13,completed,285.0
O00987,C0218,2024-03-13,returned,245.0
O00988,C0218,2024-04-02,cancelled,155.0
O00989,C0218,2024-05-04,completed,410.0
O00990,C0218,2024-08-14,completed,348.45
O00991,C0219,2023-05-01,completed,390.0
O00992,C0219,2023-05-27,completed,450.0
O00993,C0219,2024-01-22,returned,375.0
O00994,C0219,2024-12-13,cancelled,504.0
O00995,C0219,2024-12-21,completed,4489.8
O00996,C0220,2023-04-05,cancelled,2078.0
O00997,C0220,2023-06-10,cancelled,149.5
O00998,C0220,2023-08-21,returned,195.5
O00999,C0220,2023-09-22,returned,2158.0
O01000,C0220,2023-10-06,completed,120.0
O01001,C0220,2023-11-10,cancelled,630.0
O01002,C0220,2024-03-09,completed,220.0
O01003,C0220,2024-04-10,completed,80.0
O01004,C0220,2024-05-28,completed,360.0
O01005,C0220,2024-07-21,completed,586.5
O01006,C0220,2024-08-08,completed,598.0
O01007,C0220,2024-11-27,cancelled,154.0
O01008,C0220,2024-12-27,completed,4076.8
O01009,C0220,2024-12-29,completed,464.8
O01010,C0221,2023-05-15,completed,582.0
O01011,C0221,2024-04-03,completed,325.0
O01012,C0222,2023-06-15,completed,310.5
O01013,C0223,2023-03-11,completed,90.0
O01014,C0223,2023-06-15,completed,885.5
O01015,C0223,2023-10-14,completed,459.0
O01016,C0223,2023-12-28,cancelled,665.0
O01017,C0223,2024-01-08,cancelled,35.0
O01018,C0223,2024-08-13,cancelled,51.75
O01019,C0224,2023-03-16,returned,150.0
O01020,C0224,2023-08-17,cancelled,2245.95
O01021,C0224,2024-02-02,returned,765.0
O01022,C0224,2024-02-13,returned,95.0
O01023,C0225,2023-02-03,returned,110.0
O01024,C0225,2023-05-31,returned,2730.0
O01025,C0225,2023-08-08,completed,2067.7
O01026,C0225,2023-11-25,returned,399.0
O01027,C0225,2024-08-05,returned,664.7
O01028,C0225,2024-09-08,completed,335.0
O01029,C0225,2024-10-18,completed,1585.0
O01030,C0226,2023-11-28,completed,126.0
O01031,C0226,2024-11-11,completed,4380.6
O01032,C0227,2023-07-20,completed,235.75
O01033,C0227,2023-09-20,returned,390.0
O01034,C0228,2023-05-28,cancelled,105.0
O01035,C0228,2024-03-16,returned,210.0
O01036,C0228,2024-03-21,returned,695.0
O01037,C0229,2023-05-05,completed,180.0
O01038,C0230,2023-04-13,returned,120.0
O01039,C0230,2024-07-11,completed,184.0
O01040,C0230,2024-09-30,returned,150.0
O01041,C0231,2023-01-08,completed,780.0
O01042,C0231,2024-01-19,completed,4062.0
O01043,C0232,2023-08-22,completed,2429.95
O01044,C0232,2023-10-11,completed,35.0
O01045,C0232,2024-03-12,cancelled,120.0
O01046,C0232,2024-03-14,completed,100.0
O01047,C0232,2024-04-21,returned,180.0
O01048,C0232,2024-08-28,completed,310.5
O01049,C0232,2024-10-29,completed,1505.0
O01050,C0232,2024-11-26,completed,536.2
O01051,C0233,2023-01-24,completed,1149.0
O01052,C0233,2023-04-16,returned,370.0
O01053,C0233,2024-08-16,returned,103.5
O01054,C0233,2024-10-04,returned,250.0
O01055,C0233,2024-10-15,cancelled,1798.0
O01056,C0234,2023-01-06,cancelled,1725.0
O01057,C0234,2023-06-12,completed,1136.2
O01058,C0234,2024-07-13,completed,143.75
O01059,C0234,2024-09-06,completed,640.0
O01060,C0235,2024-03-22,completed,330.0
O01061,C0236,2023-06-19,returned,471.5
O01062,C0236,2023-07-30,cancelled,500.25
O01063,C0236,2023-11-16,completed,620.2
O01064,C0236,2024-05-14,completed,450.0
O01065,C0237,2023-03-05,completed,2777.0
O01066,C0237,2023-03-07,cancelled,120.0
O01067,C0237,2023-05-02,returned,515.0
O01068,C0237,2023-06-29,returned,1033.85
O01069,C0237,2023-09-30,cancelled,1830.0
O01070,C0237,2023-10-20,completed,792.0
O01071,C0237,2024-01-16,completed,170.0
O01072,C0237,2024-01-19,completed,885.0
O01073,C0237,2024-01-26,completed,495.0
O01074,C0237,2024-03-24,completed,1500.0
O01075,C0237,2024-06-14,returned,103.5
O01076,C0237,2024-09-21,cancelled,130.0
O01077,C0237,2024-09-27,completed,1798.0
O01078,C0238,2023-05-30,completed,620.0
O01079,C0238,2023-06-06,returned,46.0
O01080,C0238,2023-06-18,cancelled,655.5
O01081,C0238,2023-07-21,completed,514.05
O01082,C0238,2023-10-31,completed,55.0
O01083,C0238,2024-02-20,completed,120.0
O01084,C0238,2024-05-13,returned,555.0
O01085,C0238,2024-09-16,cancelled,625.0
O01086,C0239,2023-03-12,cancelled,899.0
O01087,C0239,2023-06-18,completed,2857.75
O01088,C0239,2023-07-12,returned,1252.35
O01089,C0239,2023-07-27,cancelled,1052.25
O01090,C0239,2023-10-12,returned,355.0
O01091,C0239,2023-11-11,cancelled,1692.6
O01092,C0239,2024-01-30,completed,765.0
O01093,C0239,2024-02-14,returned,245.0
O01094,C0239,2024-03-09,completed,3920.0
O01095,C0239,2024-04-08,cancelled,239.0
O01096,C0239,2024-06-09,completed,5126.7
O01097,C0239,2024-09-27,completed,254.0
O01098,C0239,2024-12-03,completed,434.0
O01099,C0240,2023-08-22,cancelled,138.0
O01100,C0240,2024-06-21,completed,465.75
O01101,C0241,2023-11-05,completed,6396.6
O01102,C0241,2023-12-28,completed,574.0
O01103,C0242,2023-04-21,cancelled,460.0
O01104,C0242,2023-06-29,returned,3383.3
O01105,C0242,2023-09-29,returned,405.0
O01106,C0242,2023-10-08,completed,465.0
O01107,C0242,2023-12-06,completed,420.0
O01108,C0242,2023-12-24,completed,4970.0
O01109,C0242,2024-02-05,completed,35.0
O01110,C0242,2024-04-05,completed,895.0
O01111,C0242,2024-06-23,returned,575.0
O01112,C0242,2024-07-11,completed,339.25
O01113,C0242,2024-10-03,returned,735.0
O01114,C0242,2024-10-16,returned,253.0
O01115,C0242,2024-11-26,completed,616.0
O01116,C0242,2024-11-26,returned,2604.0
O01117,C0243,2023-02-24,completed,390.0
O01118,C0243,2023-05-11,completed,340.0
O01119,C0243,2023-10-28,completed,105.0
O01120,C0243,2024-01-18,completed,3182.0
O01121,C0243,2024-02-07,returned,3897.0
O01122,C0243,2024-07-10,cancelled,138.0
O01123,C0243,2024-08-02,returned,204.7
O01124,C0243,2024-09-27,returned,260.0
O01125,C0244,2023-09-29,completed,584.0
O01126,C0244,2024-08-13,completed,126.5
O01127,C0245,2023-12-20,returned,2720.2
O01128,C0245,2024-03-24,completed,4110.0
O01129,C0245,2024-07-30,completed,4694.3
O01130,C0245,2024-11-05,cancelled,462.0
O01131,C0246,2023-10-13,completed,912.0
O01132,C0247,2023-05-13,completed,509.0
O01133,C0247,2024-12-15,completed,168.0
O01134,C0248,2024-01-10,completed,125.0
O01135,C0248,2024-01-15,completed,3325.0
O01136,C0249,2023-04-21,completed,305.0
O01137,C0249,2023-05-17,cancelled,3750.0
O01138,C0249,2023-07-24,completed,74.75
O01139,C0249,2023-11-25,completed,898.8
O01140,C0249,2024-01-22,completed,250.0
O01141,C0249,2024-04-05,cancelled,365.0
O01142,C0249,2024-07-23,completed,3101.55
O01143,C0249,2024-08-10,completed,1033.85
O01144,C0249,2024-10-14,completed,2815.0
O01145,C0249,2024-12-16,completed,124.6
O01146,C0250,2023-02-28,returned,1375.0
O01147,C0250,2023-04-24,completed,155.0
O01148,C0250,2023-11-16,completed,805.0
O01149,C0250,2024-02-13,cancelled,260.0
O01150,C0250,2024-05-27,completed,2952.0
O01151,C0250,2024-06-14,returned,1873.35
O01152,C0250,2024-07-13,cancelled,391.0
O01153,C0250,2024-08-19,returned,2263.2
O01154,C0250,2024-09-17,completed,3600.0
O01155,C0250,2024-09-25,completed,89.0
O01156,C0250,2024-12-15,completed,420.0
O01157,C0251,2023-05-13,cancelled,3467.0
O01158,C0251,2023-09-08,completed,445.0
O01159,C0251,2023-10-27,completed,480.0
O01160,C0251,2023-12-25,cancelled,420.0
O01161,C0251,2024-09-08,cancelled,1429.0
O01162,C0251,2024-11-01,completed,105.0
O01163,C0252,2024-04-09,completed,110.0
O01164,C0252,2024-10-27,completed,520.0
O01165,C0253,2023-02-15,completed,235.0
O01166,C0253,2024-01-29,completed,80.0
O01167,C0253,2024-03-30,completed,325.0
O01168,C0254,2023-02-28,completed,825.0
O01169,C0254,2023-04-22,completed,515.0
O01170,C0254,2023-09-24,completed,2697.0
O01171,C0254,2023-10-22,completed,2574.0
O01172,C0254,2024-02-02,completed,325.0
O01173,C0254,2024-03-10,cancelled,520.0
O01174,C0254,2024-03-13,completed,2877.0
O01175,C0254,2024-04-19,completed,6297.0
O01176,C0254,2024-06-15,returned,465.75
O01177,C0254,2024-07-01,completed,80.5
O01178,C0254,2024-07-20,cancelled,207.0
O01179,C0254,2024-08-04,completed,126.5
O01180,C0254,2024-08-09,cancelled,276.0
O01181,C0254,2024-11-25,cancelled,557.2
O01182,C0255,2023-10-29,cancelled,45.0
O01183,C0255,2023-12-10,completed,5222.0
O01184,C0255,2024-01-19,completed,490.0
O01185,C0255,2024-02-22,returned,55.0
O01186,C0255,2024-04-26,cancelled,2380.0
O01187,C0255,2024-10-29,cancelled,570.0
O01188,C0256,2023-09-04,completed,225.0
O01189,C0256,2024-02-24,completed,465.0
O01190,C0256,2024-03-31,completed,525.0
O01191,C0256,2024-12-10,completed,3014.2
O01192,C0257,2023-01-16,completed,165.0
O01193,C0257,2023-07-04,returned,1033.85
O01194,C0257,2023-07-22,returned,40.25
O01195,C0257,2024-04-09,completed,585.0
O01196,C0258,2024-08-28,cancelled,63.25
O01197,C0258,2024-09-15,completed,550.0
O01198,C0259,2023-07-07,cancelled,51.75
O01199,C0259,2024-08-26,cancelled,954.5
O01200,C0260,2023-12-09,completed,945.0
O01201,C0260,2024-02-14,returned,320.0
O01202,C0260,2024-03-30,completed,355.0
O01203,C0260,2024-09-02,completed,1079.0
O01204,C0261,2023-01-29,completed,2489.0
O01205,C0261,2024-09-04,completed,265.0
O01206,C0262,2024-06-09,returned,660.1
O01207,C0263,2023-07-15,completed,408.25
O01208,C0263,2024-01-05,cancelled,344.0
O01209,C0263,2024-01-14,completed,1124.0
O01210,C0263,2024-07-08,completed,454.25
O01211,C0264,2024-06-12,completed,126.5
O01212,C0265,2023-02-09,returned,660.0
O01213,C0266,2023-08-26,returned,437.0
O01214,C0266,2023-10-27,returned,2328.0
O01215,C0267,2024-06-11,cancelled,1891.75
O01216,C0267,2024-06-16,completed,212.75
O01217,C0268,2023-12-14,completed,793.8
O01218,C0268,2024-10-13,completed,1893.0
O01219,C0269,2023-03-06,completed,270.0
O01220,C0269,2024-07-20,returned,322.0
O01221,C0270,2023-01-14,cancelled,4040.0
O01222,C0270,2023-01-21,completed,130.0
O01223,C0270,2023-02-06,returned,154.0
O01224,C0270,2023-04-15,completed,4015.0
O01225,C0270,2024-06-23,completed,356.5
O01226,C0271,2023-04-06,completed,485.0
O01227,C0271,2023-08-16,completed,2751.95
O01228,C0271,2023-09-08,completed,40.0
O01229,C0271,2023-10-13,returned,560.0
O01230,C0271,2023-10-19,cancelled,520.0
O01231,C0271,2023-10-26,completed,2505.0
O01232,C0271,2024-01-21,completed,475.0
O01233,C0271,2024-01-27,completed,535.0
O01234,C0271,2024-02-21,completed,345.0
O01235,C0271,2024-03-15,returned,2400.0
O01236,C0271,2024-05-09,returned,220.0
O01237,C0271,2024-06-02,cancelled,747.5
O01238,C0271,2024-06-30,completed,517.5
O01239,C0271,2024-07-28,completed,511.75
O01240,C0271,2024-12-20,completed,5059.6
O01241,C0272,2023-08-02,completed,687.7
O01242,C0272,2024-03-31,completed,578.0
O01243,C0273,2024-07-08,completed,103.5
O01244,C0273,2024-07-28,completed,3394.8
O01245,C0273,2024-10-18,returned,657.0
O01246,C0274,2023-01-03,completed,390.0
O01247,C0274,2023-08-26,completed,256.45
O01248,C0275,2024-08-07,returned,3906.55
O01249,C0276,2023-11-21,completed,154.0
O01250,C0276,2024-06-18,completed,747.5
O01251,C0276,2024-06-27,completed,204.7
O01252,C0277,2023-10-23,cancelled,190.0
O01253,C0277,2024-12-09,completed,1239.0
O01254,C0278,2023-06-03,cancelled,204.7
O01255,C0278,2023-06-17,cancelled,493.35
O01256,C0278,2024-01-04,cancelled,80.0
O01257,C0278,2024-01-25,returned,450.0
O01258,C0278,2024-05-31,completed,655.0
O01259,C0278,2024-08-22,completed,514.05
O01260,C0279,2023-02-24,returned,812.0
O01261,C0279,2024-07-22,completed,402.5
O01262,C0280,2023-03-04,completed,225.0
O01263,C0280,2023-12-06,completed,1302.0
O01264,C0280,2024-01-13,completed,220.0
O01265,C0280,2024-09-25,completed,575.0
O01266,C0281,2023-02-24,completed,175.0
O01267,C0281,2024-01-24,completed,547.0
O01268,C0282,2023-12-24,returned,1929.2
O01269,C0282,2024-01-08,cancelled,330.0
O01270,C0282,2024-06-19,completed,448.5
O01271,C0282,2024-10-19,completed,40.0
O01272,C0283,2023-02-02,returned,710.0
O01273,C0283,2023-04-29,cancelled,180.0
O01274,C0283,2023-07-10,completed,103.5
O01275,C0283,2024-06-13,completed,713.0
O01276,C0283,2024-10-08,cancelled,530.0
O01277,C0283,2024-11-05,cancelled,721.0
O01278,C0284,2023-08-28,completed,695.75
O01279,C0284,2024-06-03,cancelled,109.25
O01280,C0285,2023-04-03,returned,3221.0
O01281,C0285,2023-05-25,completed,290.0
O01282,C0285,2023-11-13,cancelled,5649.0
O01283,C0285,2023-12-21,completed,642.6
O01284,C0286,2023-10-17,returned,350.0
O01285,C0286,2023-12-01,completed,5453.0
O01286,C0287,2023-02-15,returned,395.0
O01287,C0287,2023-04-06,returned,240.0
O01288,C0287,2023-07-12,completed,172.5
O01289,C0287,2023-08-05,completed,487.6
O01290,C0287,2023-11-06,completed,1946.0
O01291,C0287,2023-12-14,returned,4055.8
O01292,C0287,2024-03-21,returned,2052.0
O01293,C0288,2023-01-08,cancelled,245.0
O01294,C0288,2023-03-23,returned,3944.0
O01295,C0288,2023-06-03,completed,506.0
O01296,C0288,2023-12-12,completed,5607.0
O01297,C0289,2024-02-10,completed,450.0
O01298,C0289,2024-06-28,completed,747.5
O01299,C0290,2023-02-09,returned,135.0
O01300,C0290,2023-03-22,completed,178.0
O01301,C0290,2023-04-14,completed,285.0
O01302,C0290,2023-05-31,cancelled,405.0
O01303,C0290,2023-11-06,completed,770.0
O01304,C0290,2023-12-12,completed,5439.0
O01305,C0290,2024-01-17,completed,570.0
O01306,C0290,2024-01-27,completed,595.0
O01307,C0290,2024-03-08,completed,770.0
O01308,C0290,2024-06-08,returned,195.5
O01309,C0290,2024-09-15,returned,180.0
O01310,C0290,2024-10-14,completed,430.0
O01311,C0290,2024-10-15,returned,2715.0
O01312,C0291,2024-01-20,cancelled,110.0
O01313,C0292,2023-06-12,returned,977.5
O01314,C0292,2023-07-02,completed,534.75
O01315,C0292,2023-10-24,completed,80.0
O01316,C0292,2024-08-07,returned,638.25
O01317,C0293,2023-07-13,completed,1344.35
O01318,C0293,2024-10-13,cancelled,665.0
O01319,C0294,2024-09-20,completed,120.0
O01320,C0294,2024-11-01,returned,385.0
O01321,C0295,2024-06-03,completed,316.25
O01322,C0295,2024-11-13,completed,217.0
O01323,C0296,2023-05-18,returned,225.0
O01324,C0296,2023-06-24,cancelled,3578.8
O01325,C0296,2023-07-05,completed,534.75
O01326,C0296,2023-08-25,completed,713.0
O01327,C0296,2024-01-15,completed,475.0
O01328,C0296,2024-02-17,cancelled,120.0
O01329,C0296,2024-05-22,cancelled,2747.0
O01330,C0296,2024-06-24,completed,621.0
O01331,C0296,2024-07-16,completed,515.2
O01332,C0296,2024-08-17,completed,307.05
O01333,C0296,2024-08-28,completed,724.5
O01334,C0296,2024-10-07,cancelled,935.0
O01335,C0296,2024-10-21,completed,439.0
O01336,C0296,2024-10-25,completed,2832.0
O01337,C0297,2023-01-13,completed,795.0
O01338,C0297,2023-07-27,completed,396.75
O01339,C0297,2023-08-22,completed,764.75
O01340,C0297,2024-01-01,completed,615.0
O01341,C0297,2024-01-08,completed,540.0
O01342,C0297,2024-04-15,completed,305.0
O01343,C0297,2024-05-25,completed,375.0
O01344,C0297,2024-06-20,returned,80.5
O01345,C0297,2024-08-06,completed,529.0
O01346,C0297,2024-10-15,cancelled,613.0
O01347,C0297,2024-11-11,cancelled,1594.6
O01348,C0298,2023-06-17,completed,414.0
O01349,C0298,2024-05-22,completed,260.0
O01350,C0299,2023-11-05,completed,497.0
O01351,C0300,2023-06-08,completed,333.5
O01352,C0300,2023-06-10,completed,494.5
O01353,C0300,2023-06-11,completed,253.0
O01354,C0300,2023-06-25,returned,3542.0
O01355,C0300,2023-07-16,returned,2984.25
O01356,C0300,2023-08-04,completed,414.0
O01357,C0300,2023-11-28,completed,434.0
O01358,C0300,2024-02-10,completed,240.0
O01359,C0300,2024-08-07,returned,454.25
O01360,C0300,2024-09-16,completed,455.0
O01361,C0300,2024-09-16,returned,567.0
O01362,C0300,2024-11-19,completed,294.0
O01363,C0301,2023-01-23,completed,267.0
O01364,C0301,2023-09-24,completed,519.0
O01365,C0301,2023-10-26,completed,495.0
O01366,C0301,2024-06-27,completed,453.1
O01367,C0301,2024-07-13,completed,847.55
O01368,C0301,2024-07-24,cancelled,373.75
O01369,C0301,2024-11-07,completed,112.0
O01370,C0301,2024-12-07,cancelled,434.0
O01371,C0302,2023-03-16,completed,360.0
O01372,C0302,2023-06-05,cancelled,2862.35
O01373,C0302,2023-12-05,returned,525.0
O01374,C0302,2024-10-28,cancelled,690.0
O01375,C0303,2023-01-27,completed,90.0
O01376,C0303,2023-02-10,completed,2520.0
O01377,C0303,2023-03-12,returned,255.0
O01378,C0303,2023-04-14,completed,490.0
O01379,C0303,2023-05-11,cancelled,45.0
O01380,C0303,2023-07-05,completed,465.75
O01381,C0303,2023-11-19,returned,3626.0
O01382,C0303,2023-12-02,completed,1239.0
O01383,C0303,2023-12-23,completed,2055.2
O01384,C0303,2024-06-30,completed,1033.85
O01385,C0303,2024-07-07,completed,1215.55
O01386,C0303,2024-09-08,returned,190.0
O01387,C0304,2024-01-09,completed,2535.0
O01388,C0305,2023-11-25,completed,210.0
O01389,C0305,2024-09-28,completed,710.0
O01390,C0306,2023-01-16,completed,355.0
O01391,C0306,2023-04-13,returned,1426.0
O01392,C0307,2023-05-12,cancelled,740.0
O01393,C0307,2023-11-27,completed,1321.6
O01394,C0308,2023-04-18,completed,545.0
O01395,C0308,2023-07-09,completed,379.5
O01396,C0308,2023-08-20,completed,4203.25
O01397,C0308,2023-09-13,completed,2510.0
O01398,C0308,2023-09-14,completed,315.0
O01399,C0308,2023-10-17,returned,325.0
O01400,C0308,2024-02-18,completed,770.0
O01401,C0308,2024-09-21,completed,600.0
O01402,C0308,2024-11-06,completed,287.0
O01403,C0309,2023-12-22,completed,1227.8
O01404,C0310,2023-01-18,completed,145.0
O01405,C0310,2023-02-18,completed,105.0
O01406,C0310,2023-06-05,cancelled,223.1
O01407,C0310,2023-07-23,cancelled,658.95
O01408,C0310,2023-12-29,returned,8145.2
O01409,C0310,2024-06-21,completed,253.0
O01410,C0310,2024-06-22,returned,1183.35
O01411,C0310,2024-06-27,completed,504.85
O01412,C0310,2024-06-29,cancelled,2171.2
O01413,C0310,2024-07-30,completed,138.0
O01414,C0310,2024-09-07,completed,455.0
O01415,C0311,2023-07-18,returned,3607.55
O01416,C0311,2024-03-11,completed,570.0
O01417,C0312,2024-12-12,returned,1045.8
O01418,C0313,2023-09-15,completed,300.0
O01419,C0313,2024-01-01,completed,770.0
O01420,C0313,2024-11-13,cancelled,964.6
O01421,C0314,2023-02-10,returned,165.0
O01422,C0314,2023-12-22,returned,63.0
O01423,C0314,2024-01-05,completed,755.0
O01424,C0314,2024-02-08,completed,355.0
O01425,C0314,2024-03-07,completed,495.0
O01426,C0314,2024-03-26,completed,440.0
O01427,C0314,2024-08-17,cancelled,621.0
O01428,C0314,2024-09-10,completed,890.0
O01429,C0314,2024-10-24,completed,905.0
O01430,C0314,2024-11-19,cancelled,413.0
O01431,C0314,2024-12-27,completed,147.0
O01432,C0315,2023-12-15,cancelled,4370.8
O01433,C0316,2023-09-01,completed,140.0
O01434,C0316,2024-04-11,returned,144.0
O01435,C0317,2023-07-28,completed,3381.0
O01436,C0318,2024-09-10,completed,595.0
O01437,C0319,2023-11-24,completed,77.0
O01438,C0319,2024-07-07,completed,270.25
O01439,C0320,2023-04-18,completed,210.0
O01440,C0320,2023-08-22,cancelled,891.25
O01441,C0320,2024-09-10,completed,630.0
O01442,C0321,2023-01-29,returned,200.0
O01443,C0321,2024-05-17,cancelled,394.0
O01444,C0321,2024-09-04,cancelled,493.0
O01445,C0321,2024-12-31,completed,168.0
O01446,C0322,2024-09-07,completed,3730.0
O01447,C0323,2023-07-16,returned,103.5
O01448,C0323,2023-08-28,completed,241.5
O01449,C0323,2023-10-07,returned,40.0
O01450,C0323,2023-10-13,cancelled,55.0
O01451,C0323,2023-12-23,completed,189.0
O01452,C0323,2024-02-21,completed,360.0
O01453,C0323,2024-03-25,completed,422.0
O01454,C0323,2024-04-06,cancelled,315.0
O01455,C0323,2024-05-03,cancelled,275.0
O01456,C0323,2024-05-09,returned,180.0
O01457,C0323,2024-05-30,completed,2857.0
O01458,C0323,2024-06-22,completed,621.0
O01459,C0323,2024-08-06,returned,615.25
O01460,C0323,2024-11-16,returned,210.0
O01461,C0324,2024-06-16,completed,667.0
O01462,C0325,2023-10-20,returned,4618.0
O01463,C0325,2023-12-23,completed,56.0
O01464,C0325,2024-03-29,completed,540.0
O01465,C0325,2024-07-21,cancelled,189.75
O01466,C0325,2024-08-13,completed,523.25
O01467,C0325,2024-09-04,cancelled,75.0
O01468,C0326,2023-08-15,completed,80.5
O01469,C0326,2024-12-30,completed,420.0
O01470,C0327,2023-10-25,completed,320.0
O01471,C0328,2023-02-15,completed,180.0
O01472,C0328,2024-02-16,returned,383.0
O01473,C0329,2023-09-28,returned,375.0
O01474,C0329,2023-12-27,completed,84.0
O01475,C0329,2024-04-07,completed,660.0
O01476,C0330,2023-04-22,completed,418.0
O01477,C0330,2023-09-25,completed,4664.0
O01478,C0330,2024-08-06,returned,1637.6
O01479,C0331,2024-01-27,completed,110.0
O01480,C0332,2023-12-25,returned,574.0
O01481,C0333,2023-09-30,completed,404.0
O01482,C0333,2024-12-27,cancelled,1545.6
O01483,C0334,2023-01-18,completed,899.0
O01484,C0334,2023-06-23,completed,189.75
O01485,C0334,2023-11-26,completed,4258.8
O01486,C0334,2024-09-25,returned,785.0
O01487,C0335,2023-10-02,returned,255.0
O01488,C0335,2024-08-31,completed,126.5
O01489,C0336,2023-08-04,returned,3256.8
O01490,C0336,2023-10-28,completed,285.0
O01491,C0336,2023-11-16,cancelled,980.0
O01492,C0336,2024-03-24,completed,420.0
O01493,C0336,2024-04-29,returned,363.0
O01494,C0336,2024-05-13,completed,275.0
O01495,C0336,2024-05-17,returned,70.0
O01496,C0336,2024-05-29,cancelled,200.0
O01497,C0336,2024-06-02,returned,672.75
O01498,C0336,2024-06-25,completed,707.25
O01499,C0336,2024-07-04,completed,1380.0
O01500,C0336,2024-07-12,completed,414.0
O01501,C0336,2024-10-03,completed,415.0
O01502,C0336,2024-12-29,cancelled,737.8
O01503,C0337,2023-06-26,returned,396.75
O01504,C0337,2023-07-30,completed,2067.7
O01505,C0337,2023-08-06,returned,1104.0
O01506,C0337,2023-08-11,completed,368.0
O01507,C0337,2024-04-19,completed,1893.0
O01508,C0337,2024-04-25,completed,345.0
O01509,C0337,2024-08-23,completed,2058.5
O01510,C0337,2024-09-12,cancelled,110.0
O01511,C0337,2024-09-22,completed,310.0
O01512,C0337,2024-11-19,completed,742.0
O01513,C0338,2023-01-20,completed,425.0
O01514,C0338,2023-07-24,completed,184.0
O01515,C0338,2023-11-06,returned,686.0
O01516,C0338,2024-01-25,completed,1200.0
O01517,C0338,2024-01-25,completed,375.0
O01518,C0338,2024-02-02,completed,89.0
O01519,C0338,2024-04-26,completed,627.0
O01520,C0338,2024-08-10,completed,103.5
O01521,C0339,2023-07-03,returned,517.5
O01522,C0339,2023-08-20,completed,629.05
O01523,C0339,2023-09-19,completed,387.0
O01524,C0339,2023-10-01,completed,90.0
O01525,C0339,2023-10-01,completed,343.0
O01526,C0339,2024-01-06,returned,480.0
O01527,C0339,2024-01-31,completed,660.0
O01528,C0339,2024-02-23,completed,4095.0
O01529,C0339,2024-09-15,cancelled,485.0
O01530,C0340,2023-11-04,cancelled,189.0
O01531,C0340,2023-11-17,completed,851.2
O01532,C0340,2024-01-15,returned,969.0
O01533,C0340,2024-05-06,completed,1187.0
O01534,C0340,2024-05-15,completed,135.0
O01535,C0340,2024-05-26,returned,5583.0
O01536,C0341,2023-06-13,returned,86.25
O01537,C0341,2024-03-19,completed,1993.0
O01538,C0341,2024-03-21,returned,4395.0
O01539,C0341,2024-05-26,completed,305.0
O01540,C0342,2023-01-19,completed,550.0
O01541,C0342,2023-03-06,cancelled,435.0
O01542,C0342,2023-08-03,completed,391.0
O01543,C0342,2023-08-28,cancelled,563.5
O01544,C0342,2023-09-10,completed,315.0
O01545,C0342,2023-10-15,completed,540.0
O01546,C0342,2023-11-17,returned,490.0
O01547,C0342,2023-12-01,cancelled,525.0
O01548,C0342,2024-01-14,completed,195.0
O01549,C0342,2024-03-03,completed,2640.0
O01550,C0342,2024-04-02,returned,75.0
O01551,C0342,2024-05-02,returned,2178.0
O01552,C0342,2024-07-22,cancelled,2426.5
O01553,C0342,2024-10-11,completed,285.0
O01554,C0342,2024-12-05,returned,859.6
O01555,C0343,2023-02-10,completed,325.0
O01556,C0343,2023-02-27,completed,405.0
O01557,C0343,2024-06-07,completed,333.5
O01558,C0343,2024-12-31,completed,420.0
O01559,C0344,2024-08-09,completed,51.75
O01560,C0345,2024-05-27,completed,290.0
O01561,C0346,2023-04-21,completed,210.0
O01562,C0346,2023-05-20,cancelled,565.0
O01563,C0346,2023-05-25,completed,540.0
O01564,C0346,2023-06-22,completed,1644.5
O01565,C0346,2023-07-05,completed,755.55
O01566,C0346,2023-11-04,completed,777.0
O01567,C0346,2023-11-13,cancelled,252.0
O01568,C0346,2023-12-05,completed,434.0
O01569,C0346,2024-04-05,cancelled,590.0
O01570,C0346,2024-08-29,completed,103.5
O01571,C0346,2024-10-28,completed,178.0
O01572,C0346,2024-11-29,completed,364.0
O01573,C0346,2024-11-30,completed,175.0
O01574,C0346,2024-12-07,completed,4919.6
O01575,C0347,2024-05-02,completed,2697.0
O01576,C0348,2023-05-19,cancelled,470.0
O01577,C0348,2024-01-27,returned,615.0
O01578,C0348,2024-01-30,returned,1330.0
O01579,C0348,2024-11-16,completed,1036.0
O01580,C0349,2023-04-01,completed,780.0
O01581,C0349,2023-10-21,completed,265.0
O01582,C0349,2024-01-08,returned,673.0
O01583,C0349,2024-09-04,returned,465.0
O01584,C0350,2023-09-15,completed,120.0
O01585,C0350,2023-11-13,completed,623.0
O01586,C0350,2024-01-20,completed,3042.0
O01587,C0350,2024-08-02,completed,230.0
O01588,C0350,2024-08-26,returned,550.85
O01589,C0351,2024-05-22,completed,70.0
O01590,C0352,2023-08-03,completed,1380.0
O01591,C0352,2024-07-08,completed,182.85
O01592,C0353,2024-01-02,returned,70.0
O01593,C0353,2024-11-08,completed,1428.0
O01594,C0354,2023-11-24,completed,336.0
O01595,C0354,2024-05-26,returned,165.0
O01596,C0355,2023-01-28,completed,930.0
O01597,C0355,2024-01-25,completed,740.0
O01598,C0356,2023-07-28,cancelled,126.5
O01599,C0356,2023-10-23,completed,325.0
O01600,C0356,2023-11-26,completed,532.0
O01601,C0356,2024-09-10,completed,270.0
O01602,C0357,2023-02-14,completed,295.0
O01603,C0357,2023-06-30,cancelled,195.5
O01604,C0357,2023-07-07,returned,120.75
O01605,C0357,2023-08-17,completed,63.25
O01606,C0357,2023-11-06,completed,1078.0
O01607,C0357,2024-01-21,cancelled,219.0
O01608,C0357,2024-10-31,completed,120.0
O01609,C0358,2023-09-27,completed,989.0
O01610,C0358,2024-01-18,completed,165.0
O01611,C0358,2024-05-04,completed,40.0
O01612,C0358,2024-07-24,completed,2965.85
O01613,C0359,2023-07-13,returned,914.25
O01614,C0359,2024-11-10,completed,583.8
O01615,C0360,2023-03-03,completed,2710.0
O01616,C0360,2023-08-19,cancelled,3222.3
O01617,C0360,2023-09-26,returned,200.0
O01618,C0360,2024-01-06,returned,165.0
O01619,C0360,2024-02-21,completed,2640.0
O01620,C0360,2024-03-18,completed,647.0
O01621,C0360,2024-10-02,cancelled,537.0
O01622,C0361,2024-04-25,completed,70.0
O01623,C0362,2023-03-06,completed,490.0
O01624,C0362,2023-09-15,completed,405.0
O01625,C0362,2023-10-02,completed,595.0
O01626,C0362,2024-10-06,completed,430.0
O01627,C0363,2023-07-07,returned,655.5
O01628,C0363,2023-07-30,cancelled,2654.2
O01629,C0363,2023-12-12,completed,126.0
O01630,C0363,2024-09-04,returned,405.0
O01631,C0363,2024-10-10,completed,2053.0
O01632,C0364,2023-02-12,completed,80.0
O01633,C0364,2023-03-13,completed,390.0
O01634,C0365,2023-04-03,completed,315.0
O01635,C0365,2023-05-24,completed,125.0
O01636,C0365,2023-07-16,completed,948.75
O01637,C0365,2024-01-01,completed,240.0
O01638,C0365,2024-01-09,completed,130.0
O01639,C0365,2024-03-03,completed,3600.0
O01640,C0365,2024-06-06,completed,534.75
O01641,C0365,2024-12-22,returned,4313.4
O01642,C0366,2023-12-17,completed,462.0
O01643,C0366,2024-06-20,returned,603.75
O01644,C0367,2023-08-12,completed,667.0
O01645,C0368,2024-07-30,completed,97.75
O01646,C0368,2024-12-03,returned,3703.0
O01647,C0369,2023-12-16,completed,625.8
O01648,C0369,2024-03-30,completed,110.0
O01649,C0369,2024-04-08,completed,580.0
O01650,C0369,2024-07-17,cancelled,414.0
O01651,C0369,2024-11-09,completed,1621.2
O01652,C0370,2023-02-23,cancelled,265.0
O01653,C0370,2023-04-05,completed,65.0
O01654,C0370,2023-08-26,cancelled,172.5
O01655,C0370,2024-09-27,completed,360.0
O01656,C0371,2023-01-09,cancelled,55.0
O01657,C0371,2023-01-22,completed,2155.0
O01658,C0371,2023-06-25,completed,1344.35
O01659,C0371,2023-07-11,completed,598.0
O01660,C0371,2023-09-09,returned,585.0
O01661,C0371,2023-10-06,completed,5276.0
O01662,C0371,2023-11-30,completed,2387.0
O01663,C0371,2024-06-09,completed,463.45
O01664,C0372,2023-12-09,returned,1685.6
O01665,C0372,2024-08-05,completed,621.0
O01666,C0373,2024-05-03,completed,665.0
O01667,C0373,2024-06-08,cancelled,506.0
O01668,C0373,2024-07-18,returned,454.25
O01669,C0374,2024-07-22,returned,207.0
O01670,C0374,2024-09-11,cancelled,55.0
O01671,C0375,2024-02-23,completed,375.0
O01672,C0375,2024-08-18,completed,6604.45
O01673,C0376,2024-07-03,cancelled,115.0
O01674,C0377,2024-01-18,returned,500.0
O01675,C0378,2024-01-17,returned,380.0
O01676,C0378,2024-09-23,completed,447.0
O01677,C0379,2023-03-01,completed,385.0
O01678,C0379,2023-09-26,cancelled,179.0
O01679,C0379,2023-10-16,completed,105.0
O01680,C0379,2023-11-12,completed,1148.0
O01681,C0379,2024-01-09,completed,615.0
O01682,C0379,2024-04-26,returned,150.0
O01683,C0379,2024-06-15,completed,722.2
O01684,C0379,2024-07-12,returned,792.35
O01685,C0380,2023-03-26,completed,1798.0
O01686,C0381,2023-06-13,completed,3653.55
O01687,C0382,2023-01-01,completed,855.0
O01688,C0382,2023-02-09,completed,170.0
O01689,C0382,2023-02-10,completed,110.0
O01690,C0382,2023-03-26,completed,110.0
O01691,C0382,2023-04-13,completed,515.0
O01692,C0382,2023-07-16,completed,189.75
O01693,C0382,2023-11-14,cancelled,2517.2
O01694,C0382,2023-12-05,completed,497.0
O01695,C0382,2024-08-19,completed,333.5
O01696,C0382,2024-09-21,cancelled,230.0
O01697,C0383,2023-04-15,completed,728.0
O01698,C0383,2023-05-03,returned,179.0
O01699,C0383,2023-11-27,completed,649.6
O01700,C0383,2024-04-15,cancelled,625.0
O01701,C0384,2023-01-03,completed,3357.0
O01702,C0384,2023-12-12,cancelled,791.0
O01703,C0385,2024-04-10,cancelled,470.0
O01704,C0386,2024-04-30,returned,805.0
O01705,C0387,2023-08-23,cancelled,2875.0
O01706,C0388,2023-01-17,completed,330.0
O01707,C0388,2023-03-19,completed,928.0
O01708,C0388,2023-10-08,completed,210.0
O01709,C0388,2024-03-02,completed,1545.0
O01710,C0388,2024-05-28,completed,130.0
O01711,C0388,2024-07-02,returned,253.0
O01712,C0388,2024-07-13,cancelled,172.5
O01713,C0388,2024-10-17,completed,55.0
O01714,C0389,2023-04-27,returned,2158.0
O01715,C0389,2023-07-03,completed,672.75
O01716,C0390,2024-12-22,completed,126.0
O01717,C0391,2023-07-18,completed,172.5
O01718,C0391,2024-05-05,returned,130.0
O01719,C0391,2024-07-01,completed,362.25
O01720,C0391,2024-10-08,completed,568.0
O01721,C0392,2023-06-20,completed,4473.5
O01722,C0392,2023-11-28,completed,1003.8
O01723,C0392,2024-05-20,cancelled,180.0
O01724,C0393,2023-02-03,completed,310.0
O01725,C0393,2023-05-03,completed,165.0
O01726,C0393,2023-12-15,completed,658.0
O01727,C0393,2024-10-01,completed,330.0
O01728,C0394,2023-10-19,completed,267.0
O01729,C0394,2023-12-02,cancelled,105.0
O01730,C0395,2023-05-07,cancelled,390.0
O01731,C0395,2023-07-07,completed,224.25
O01732,C0396,2023-11-01,completed,182.0
O01733,C0396,2024-07-13,completed,3400.55
O01734,C0396,2024-07-19,returned,195.5
O01735,C0396,2024-11-04,returned,504.0
O01736,C0397,2023-09-13,completed,435.0
O01737,C0398,2023-07-04,completed,4266.5
O01738,C0398,2023-10-06,cancelled,340.0
O01739,C0399,2024-07-31,completed,3354.55
O01740,C0400,2024-12-24,returned,637.0
O01741,C0401,2023-05-03,completed,170.0
O01742,C0401,2023-07-08,completed,40.25
O01743,C0401,2024-08-13,completed,408.25
O01744,C0401,2024-08-17,completed,2211.45
O01745,C0401,2024-10-18,returned,380.0
O01746,C0402,2023-02-20,completed,55.0
O01747,C0402,2023-10-08,completed,105.0
O01748,C0402,2024-03-23,completed,199.0
O01749,C0402,2024-05-15,completed,3655.0
O01750,C0402,2024-05-16,cancelled,510.0
O01751,C0403,2023-05-14,returned,630.0
O01752,C0403,2023-09-10,cancelled,490.0
O01753,C0403,2023-12-23,completed,56.0
O01754,C0404,2023-09-08,cancelled,115.0
O01755,C0404,2024-11-15,completed,322.0
O01756,C0405,2023-09-15,completed,180.0
O01757,C0405,2023-11-10,cancelled,602.0
O01758,C0405,2024-03-11,completed,570.0
O01759,C0405,2024-12-13,completed,1258.6
O01760,C0406,2023-07-29,returned,3101.55
O01761,C0406,2024-04-23,returned,90.0
O01762,C0407,2023-08-07,completed,724.5
O01763,C0407,2023-09-04,cancelled,255.0
O01764,C0407,2023-12-04,completed,616.0
O01765,C0407,2024-02-15,cancelled,4060.0
O01766,C0407,2024-06-25,completed,120.75
O01767,C0407,2024-08-06,cancelled,69.0
O01768,C0407,2024-12-25,completed,378.0
O01769,C0407,2024-12-26,completed,4013.8
O01770,C0408,2023-05-09,completed,482.0
O01771,C0409,2023-01-08,completed,120.0
O01772,C0409,2023-02-05,completed,165.0
O01773,C0409,2023-06-25,completed,427.8
O01774,C0409,2023-06-29,cancelled,793.5
O01775,C0409,2024-01-19,completed,715.0
O01776,C0409,2024-01-23,completed,315.0
O01777,C0409,2024-03-06,completed,65.0
O01778,C0409,2024-04-30,completed,155.0
O01779,C0409,2024-06-29,returned,1660.6
O01780,C0409,2024-12-01,completed,714.0
O01781,C0410,2023-06-18,completed,63.25
O01782,C0410,2023-08-01,completed,557.75
O01783,C0410,2023-12-05,returned,231.0
O01784,C0410,2023-12-07,cancelled,98.0
O01785,C0410,2024-02-18,returned,125.0
O01786,C0410,2024-02-25,completed,360.0
O01787,C0410,2024-09-02,completed,150.0
O01788,C0410,2024-09-15,cancelled,150.0
O01789,C0410,2024-09-27,returned,255.0
O01790,C0411,2023-01-27,completed,405.0
O01791,C0411,2023-06-03,cancelled,299.0
O01792,C0411,2023-12-28,returned,126.0
O01793,C0411,2024-09-11,cancelled,360.0
O01794,C0412,2023-07-14,completed,499.1
O01795,C0412,2023-08-02,cancelled,172.5
O01796,C0412,2023-08-07,completed,345.0
O01797,C0413,2023-05-17,completed,600.0
O01798,C0413,2023-05-19,cancelled,1049.0
O01799,C0413,2023-05-31,returned,3004.0
O01800,C0413,2023-11-05,completed,350.0
O01801,C0413,2024-04-25,cancelled,525.0
O01802,C0413,2024-05-27,completed,930.0
O01803,C0413,2024-07-31,completed,431.25
O01804,C0413,2024-10-23,completed,1020.0
O01805,C0414,2023-02-13,completed,165.0
O01806,C0414,2023-07-11,completed,776.25
O01807,C0414,2023-08-23,completed,379.5
O01808,C0414,2023-10-25,cancelled,362.0
O01809,C0414,2024-02-17,returned,70.0
O01810,C0414,2024-11-22,completed,383.6
O01811,C0415,2023-07-18,completed,1176.45
O01812,C0415,2024-06-22,completed,253.0
O01813,C0416,2023-05-06,cancelled,1140.0
O01814,C0416,2023-05-11,cancelled,1200.0
O01815,C0416,2023-06-18,completed,63.25
O01816,C0416,2023-06-25,cancelled,172.5
O01817,C0416,2023-08-16,completed,148.35
O01818,C0416,2023-11-08,returned,721.0
O01819,C0416,2023-11-18,returned,373.8
O01820,C0416,2024-02-25,completed,1554.0
O01821,C0416,2024-05-19,cancelled,2977.0
O01822,C0416,2024-05-21,completed,415.0
O01823,C0416,2024-08-17,completed,230.0
O01824,C0417,2023-05-25,completed,2905.0
O01825,C0417,2023-07-05,returned,575.0
O01826,C0417,2023-07-21,completed,447.35
O01827,C0417,2024-01-04,returned,3989.0
O01828,C0417,2024-02-13,completed,145.0
O01829,C0417,2024-06-19,completed,454.25
O01830,C0418,2024-06-14,completed,394.45
O01831,C0418,2024-11-01,completed,504.0
O01832,C0419,2023-09-07,completed,510.0
O01833,C0419,2024-02-06,cancelled,245.0
O01834,C0420,2023-04-15,completed,4010.0
O01835,C0421,2023-01-17,cancelled,665.0
O01836,C0421,2023-06-19,cancelled,3137.2
O01837,C0421,2023-07-06,completed,1292.6
O01838,C0421,2023-09-19,completed,185.0
O01839,C0421,2024-02-17,completed,525.0
O01840,C0421,2024-04-08,completed,1530.0
O01841,C0421,2024-08-19,completed,391.0
O01842,C0421,2024-09-04,completed,405.0
O01843,C0422,2023-12-07,completed,2035.6
O01844,C0423,2023-09-23,returned,2857.0
O01845,C0423,2024-11-08,cancelled,945.0
O01846,C0424,2023-07-14,cancelled,258.75
O01847,C0425,2023-11-15,cancelled,1848.0
O01848,C0425,2024-08-24,completed,4140.0
O01849,C0426,2023-08-05,completed,517.5
O01850,C0426,2023-08-13,returned,207.0
O01851,C0427,2023-02-25,completed,630.0
O01852,C0427,2023-03-16,completed,795.0
O01853,C0427,2023-07-01,returned,396.75
O01854,C0427,2023-11-26,returned,504.0
O01855,C0427,2024-02-22,completed,330.0
O01856,C0427,2024-04-09,completed,110.0
O01857,C0427,2024-06-18,completed,350.75
O01858,C0427,2024-10-06,returned,85.0
O01859,C0428,2024-11-25,completed,126.0
O01860,C0429,2023-05-05,returned,390.0
O01861,C0429,2023-05-16,completed,585.0
O01862,C0429,2023-07-14,completed,603.75
O01863,C0429,2023-08-12,completed,384.1
O01864,C0429,2023-09-01,returned,580.0
O01865,C0429,2023-11-22,completed,3439.8
O01866,C0429,2023-12-20,completed,455.0
O01867,C0429,2024-01-21,completed,689.0
O01868,C0429,2024-04-23,completed,2735.0
O01869,C0429,2024-05-22,cancelled,2223.0
O01870,C0429,2024-06-09,returned,2862.35
O01871,C0429,2024-07-13,cancelled,274.85
O01872,C0429,2024-08-10,completed,419.75
O01873,C0429,2024-11-16,completed,4132.8
O01874,C0430,2024-03-04,cancelled,525.0
O01875,C0431,2023-01-17,completed,2530.0
O01876,C0431,2023-10-23,cancelled,300.0
O01877,C0431,2024-07-08,completed,845.25
O01878,C0431,2024-07-13,cancelled,138.0
O01879,C0432,2023-02-06,returned,75.0
O01880,C0432,2024-04-13,completed,485.0
O01881,C0432,2024-06-03,completed,1196.0
O01882,C0432,2024-12-12,returned,604.8
O01883,C0433,2024-06-12,completed,4962.25
O01884,C0433,2024-08-13,completed,299.0
O01885,C0434,2024-01-26,completed,4809.0
O01886,C0434,2024-09-26,completed,620.0
O01887,C0435,2023-10-09,cancelled,419.0
O01888,C0435,2023-12-02,completed,679.0
O01889,C0435,2024-02-02,completed,300.0
O01890,C0435,2024-03-22,completed,420.0
O01891,C0436,2023-02-12,cancelled,205.0
O01892,C0436,2023-05-05,completed,4295.0
O01893,C0436,2024-01-26,cancelled,130.0
O01894,C0436,2024-01-30,returned,254.0
O01895,C0436,2024-02-21,completed,270.0
O01896,C0436,2024-06-01,completed,155.25
O01897,C0436,2024-08-12,completed,779.7
O01898,C0436,2024-11-08,completed,2718.8
O01899,C0437,2024-04-12,returned,105.0
O01900,C0438,2023-05-28,completed,360.0
O01901,C0438,2023-10-03,returned,500.0
O01902,C0438,2024-02-24,returned,165.0
O01903,C0438,2024-09-22,cancelled,330.0
O01904,C0439,2023-10-14,returned,415.0
O01905,C0439,2023-12-14,cancelled,259.0
O01906,C0439,2024-07-08,returned,1529.5
O01907,C0439,2024-08-25,completed,207.0
O01908,C0439,2024-10-09,completed,130.0
O01909,C0439,2024-11-16,completed,1995.0
O01910,C0440,2023-11-02,completed,760.2
O01911,C0440,2024-11-18,cancelled,2846.2
O01912,C0441,2023-06-03,completed,396.75
O01913,C0441,2024-02-28,completed,490.0
O01914,C0441,2024-10-20,cancelled,35.0
O01915,C0442,2023-01-08,completed,275.0
O01916,C0442,2023-01-09,cancelled,685.0
O01917,C0442,2023-03-02,completed,480.0
O01918,C0442,2023-04-05,completed,364.0
O01919,C0442,2023-05-27,cancelled,120.0
O01920,C0442,2023-11-09,returned,917.0
O01921,C0442,2024-01-22,completed,390.0
O01922,C0442,2024-09-13,completed,240.0
O01923,C0442,2024-10-01,completed,120.0
O01924,C0442,2024-10-03,completed,602.0
O01925,C0442,2024-10-22,completed,1838.0
O01926,C0443,2024-07-07,completed,902.75
O01927,C0443,2024-08-14,returned,672.75
O01928,C0444,2023-04-30,completed,1647.0
O01929,C0444,2024-09-17,completed,690.0
O01930,C0445,2023-04-26,completed,120.0
O01931,C0445,2023-08-08,completed,1108.6
O01932,C0445,2024-05-17,completed,380.0
O01933,C0446,2024-04-21,cancelled,430.0
O01934,C0446,2024-05-30,completed,160.0
O01935,C0446,2024-06-15,completed,218.5
O01936,C0446,2024-12-03,completed,530.6
O01937,C0447,2024-08-07,completed,414.0
O01938,C0448,2023-01-25,cancelled,515.0
O01939,C0448,2023-04-05,returned,495.0
O01940,C0448,2023-07-23,completed,3256.8
O01941,C0448,2023-10-11,returned,685.0
O01942,C0448,2023-11-07,completed,1601.6
O01943,C0448,2023-12-23,completed,770.0
O01944,C0448,2024-05-04,completed,95.0
O01945,C0448,2024-11-10,returned,763.0
O01946,C0449,2023-04-13,completed,1430.0
O01947,C0449,2023-06-30,completed,1424.85
O01948,C0450,2023-12-25,completed,91.0
O01949,C0450,2024-01-25,cancelled,1044.0
O01950,C0451,2023-01-28,completed,130.0
O01951,C0451,2023-05-14,completed,240.0
O01952,C0451,2023-07-15,completed,218.5
O01953,C0451,2023-08-06,completed,293.25
O01954,C0451,2023-11-11,completed,4258.8
O01955,C0451,2023-12-01,completed,1176.0
O01956,C0451,2024-01-03,completed,124.0
O01957,C0451,2024-01-11,completed,2400.0
O01958,C0451,2024-02-01,returned,535.0
O01959,C0451,2024-03-10,returned,305.0
O01960,C0451,2024-07-06,completed,342.7
O01961,C0451,2024-07-16,completed,46.0
O01962,C0452,2023-02-09,completed,195.0
O01963,C0453,2023-04-13,returned,645.0
O01964,C0453,2024-04-05,completed,195.0
O01965,C0454,2023-05-23,completed,295.0
O01966,C0454,2024-12-18,completed,308.0
O01967,C0455,2024-04-01,completed,425.0
O01968,C0455,2024-09-22,completed,305.0
O01969,C0456,2023-01-31,cancelled,225.0
O01970,C0456,2023-05-04,completed,545.0
O01971,C0456,2023-07-29,completed,446.2
O01972,C0457,2023-01-26,returned,5397.0
O01973,C0457,2023-02-21,cancelled,195.0
O01974,C0457,2023-03-11,completed,540.0
O01975,C0457,2023-04-13,completed,780.0
O01976,C0457,2023-04-30,completed,620.0
O01977,C0457,2023-11-15,completed,700.0
O01978,C0457,2023-12-05,returned,3056.2
O01979,C0457,2024-02-17,completed,330.0
O01980,C0457,2024-02-29,completed,270.0
O01981,C0457,2024-03-11,cancelled,405.0
O01982,C0457,2024-08-26,completed,307.05
O01983,C0457,2024-10-03,completed,45.0
O01984,C0458,2023-04-02,completed,180.0
O01985,C0458,2023-04-19,completed,267.0
O01986,C0458,2023-06-25,completed,379.5
O01987,C0458,2024-02-25,cancelled,835.0
O01988,C0459,2024-06-04,completed,126.5
O01989,C0459,2024-11-08,completed,4076.8
O01990,C0460,2024-01-18,returned,40.0
O01991,C0460,2024-06-03,completed,408.25
O01992,C0461,2023-03-28,completed,535.0
O01993,C0461,2023-03-29,completed,470.0
O01994,C0461,2023-04-04,completed,90.0
O01995,C0461,2023-11-03,completed,840.0
O01996,C0461,2024-02-17,completed,800.0
O01997,C0461,2024-09-01,completed,960.0
O01998,C0461,2024-10-25,completed,777.0
O01999,C0461,2024-11-15,cancelled,616.0
O02000,C0462,2023-01-12,completed,55.0
O02001,C0462,2023-06-06,completed,496.8
O02002,C0462,2024-03-30,completed,330.0
O02003,C0462,2024-07-28,completed,264.5
O02004,C0463,2023-06-04,cancelled,3138.35
O02005,C0463,2024-02-09,completed,585.0
O02006,C0463,2024-05-06,completed,1833.0
O02007,C0464,2024-01-13,completed,260.0
O02008,C0464,2024-06-19,cancelled,189.75
O02009,C0465,2023-10-13,returned,420.0
O02010,C0465,2023-11-06,completed,413.0
O02011,C0466,2023-03-08,cancelled,375.0
O02012,C0466,2024-05-10,completed,178.0
O02013,C0467,2023-03-23,returned,2052.0
O02014,C0467,2023-10-06,completed,615.0
O02015,C0468,2024-03-30,returned,643.0
O02016,C0468,2024-08-08,completed,1033.85
O02017,C0468,2024-10-15,cancelled,370.0
O02018,C0468,2024-11-28,completed,3812.2
O02019,C0469,2023-10-24,completed,90.0
O02020,C0469,2024-05-30,cancelled,325.0
O02021,C0470,2023-06-18,cancelled,546.25
O02022,C0470,2023-12-01,cancelled,700.0
O02023,C0471,2024-01-01,cancelled,80.0
O02024,C0471,2024-04-15,completed,375.0
O02025,C0471,2024-06-02,returned,552.0
O02026,C0472,2024-01-04,completed,540.0
O02027,C0472,2024-08-31,completed,120.75
O02028,C0473,2023-05-02,returned,580.0
O02029,C0473,2023-06-05,returned,1033.85
O02030,C0473,2023-06-29,completed,517.5
O02031,C0473,2023-07-05,completed,3444.25
O02032,C0473,2023-10-29,returned,3075.0
O02033,C0474,2023-10-07,returned,165.0
O02034,C0475,2023-11-24,completed,686.0
O02035,C0476,2023-08-22,completed,680.8
O02036,C0476,2024-03-16,cancelled,3237.0
O02037,C0477,2023-08-12,completed,471.5
O02038,C0477,2023-08-28,completed,1033.85
O02039,C0477,2024-03-26,completed,830.0
O02040,C0477,2024-04-10,completed,855.0
O02041,C0477,2024-07-15,completed,404.8
O02042,C0477,2024-09-22,returned,515.0
O02043,C0478,2023-12-03,completed,77.0
O02044,C0478,2024-10-12,completed,380.0
O02045,C0479,2023-05-17,returned,703.0
O02046,C0479,2023-06-22,completed,568.1
O02047,C0479,2024-08-16,completed,621.0
O02048,C0479,2024-12-16,completed,3943.8
O02049,C0480,2024-01-31,cancelled,614.0
O02050,C0480,2024-07-05,completed,3538.55
O02051,C0480,2024-09-29,returned,4050.0
O02052,C0481,2023-11-30,completed,555.8
O02053,C0481,2024-02-17,cancelled,3232.0
O02054,C0482,2023-02-20,completed,964.0
O02055,C0482,2023-06-26,completed,4588.5
O02056,C0482,2023-08-04,returned,4119.3
O02057,C0482,2023-08-06,returned,1327.1
O02058,C0482,2024-06-11,completed,356.5
O02059,C0482,2024-06-13,cancelled,149.5
O02060,C0482,2024-07-24,returned,569.25
O02061,C0482,2024-08-03,completed,4140.0
O02062,C0482,2024-08-14,completed,756.7
O02063,C0482,2024-12-29,returned,1425.2
O02064,C0483,2023-03-30,completed,3195.0
O02065,C0483,2023-04-03,completed,745.0
O02066,C0483,2023-11-03,completed,525.0
O02067,C0483,2024-01-15,completed,585.0
O02068,C0483,2024-02-07,cancelled,255.0
O02069,C0483,2024-10-24,returned,150.0
O02070,C0483,2024-12-21,cancelled,840.0
O02071,C0483,2024-12-26,cancelled,1412.6
O02072,C0484,2024-04-10,cancelled,340.0
O02073,C0484,2024-10-08,completed,730.0
O02074,C0485,2024-04-16,returned,645.0
O02075,C0486,2023-04-05,cancelled,2298.0
O02076,C0486,2023-05-29,completed,748.0
O02077,C0486,2023-10-15,completed,130.0
O02078,C0486,2024-07-18,completed,640.55
O02079,C0487,2024-01-11,completed,55.0
O02080,C0487,2024-05-23,completed,345.0
O02081,C0488,2023-01-06,completed,1209.0
O02082,C0488,2023-03-01,cancelled,4245.0
O02083,C0488,2023-04-02,completed,1798.0
O02084,C0488,2023-06-16,completed,102.35
O02085,C0488,2023-07-01,completed,583.05
O02086,C0488,2023-07-07,returned,74.75
O02087,C0488,2023-10-14,completed,1200.0
O02088,C0488,2023-12-02,returned,5341.0
O02089,C0488,2024-05-12,cancelled,585.0
O02090,C0488,2024-05-30,cancelled,414.0
O02091,C0488,2024-06-13,completed,649.75
O02092,C0488,2024-06-16,completed,546.25
O02093,C0488,2024-07-27,completed,569.25
O02094,C0488,2024-09-17,completed,170.0
O02095,C0488,2024-10-29,completed,303.0
O02096,C0489,2023-12-23,completed,959.0
O02097,C0489,2024-06-06,completed,695.75
O02098,C0489,2024-09-27,completed,75.0
O02099,C0490,2023-08-03,completed,460.0
O02100,C0490,2024-07-19,completed,92.0
O02101,C0491,2023-02-13,returned,185.0
O02102,C0492,2023-04-08,completed,645.0
O02103,C0492,2024-02-02,returned,35.0
O02104,C0492,2024-09-07,completed,165.0
O02105,C0492,2024-12-04,completed,1120.0
O02106,C0493,2023-03-26,completed,710.0
O02107,C0494,2023-07-06,returned,172.5
O02108,C0495,2023-06-23,returned,722.2
O02109,C0495,2024-02-11,completed,335.0
O02110,C0495,2024-05-03,cancelled,190.0
O02111,C0495,2024-05-11,completed,245.0
O02112,C0495,2024-08-14,cancelled,2760.0
O02113,C0496,2024-03-14,completed,550.0
O02114,C0497,2024-07-12,completed,776.25
O02115,C0498,2023-06-12,returned,362.25
O02116,C0498,2023-07-08,completed,810.75
O02117,C0499,2023-08-12,completed,310.5
O02118,C0500,2023-08-01,completed,138.0
O02119,C0500,2024-01-23,returned,415.0
O02120,C0500,2024-01-30,completed,2782.0
